Date,證券代號,證券名稱,成交股數,成交筆數,成交金額,開盤價,最高價,最低價,收盤價,漲跌(+/-),漲跌價差,外陸資買進股數(不含外資自營商),外陸資賣出股數(不含外資自營商),外陸資買賣超股數(不含外資自營商),外資自營商買進股數,外資自營商賣出股數,外資自營商買賣超股數,投信買進股數,投信賣出股數,投信買賣超股數,自營商買賣超股數,自營商買進股數(自行買賣),自營商賣出股數(自行買賣),自營商買賣超股數(自行買賣),自營商買進股數(避險),自營商賣出股數(避險),自營商買賣超股數(避險),三大法人買賣超股數,本益比,股價淨值比,殖利率,股利年度
20190102,2330,台積電,"32,900,482","12,329","7,276,419,230",226.5,226.5,219,219.5,-,6,"13,633,825","22,365,017","-8,731,192",0,0,0,"175,000","166,000","9,000","-794,000","742,000","1,375,000","-633,000","183,000","344,000","-161,000","-9,516,192",16.24,3.61,3.64,106
20190103,2330,台積電,"34,615,620","14,549","7,459,051,790",214,218,214,215.5,-,4,"14,327,199","28,959,678","-14,632,479",0,0,0,"8,000","47,000","-39,000","1,043,000","251,000","241,000","10,000","1,114,000","81,000","1,033,000","-13,628,479",15.94,3.55,3.71,106
20190104,2330,台積電,"67,043,521","28,786","13,987,136,785",211.5,211.5,206.5,208,-,7.5,"20,975,300","49,516,680","-28,541,380",0,0,0,"31,000","2,457,000","-2,426,000","2,689,000","1,161,000","422,000","739,000","1,984,000","34,000","1,950,000","-28,278,380",15.38,3.42,3.85,106
20190107,2330,台積電,"35,695,176","11,224","7,591,116,569",212,214,211,213,+,5,"27,607,176","23,450,094","4,157,082",0,0,0,"53,000","472,000","-419,000","1,055,000","502,000","321,000","181,000","1,113,000","239,000","874,000","4,793,082",15.75,3.51,3.76,106
20190108,2330,台積電,"23,794,481","9,377","5,019,703,557",212,212.5,210,211,-,2,"17,819,710","17,073,728","745,982",0,0,0,"55,000","1,438,000","-1,383,000","-104,000","287,000","118,000","169,000","340,000","613,000","-273,000","-741,018",15.61,3.47,3.79,106
20190109,2330,台積電,"51,255,446","14,098","11,006,827,093",212,216.5,211,215.5,+,4.5,"39,675,749","32,127,443","7,548,306",0,0,0,"303,000","717,000","-414,000","235,005","2,128,000","1,254,000","874,000","347,000","985,995","-638,995","7,369,311",15.94,3.55,3.71,106
20190110,2330,台積電,"20,832,593","6,018","4,491,377,349",216,216.5,214.5,216,+,0.5,"18,743,557","17,263,645","1,479,912",0,0,0,"22,000","278,000","-256,000","-297,000","44,000","67,000","-23,000","80,000","354,000","-274,000","926,912",15.98,3.56,3.7,106
20190111,2330,台積電,"28,658,288","11,198","6,296,719,320",219,220.5,218,220.5,+,4.5,"25,495,353","13,653,645","11,841,708",0,0,0,"505,000","146,000","359,000","-660,000","233,000","544,000","-311,000","84,000","433,000","-349,000","11,540,708",16.31,3.63,3.63,106
20190114,2330,台積電,"17,612,296","6,469","3,844,735,324",218.5,220,217,218.5,-,2,"11,122,000","12,972,338","-1,850,338",0,0,0,"40,000","642,000","-602,000","27,000","121,000","7,000","114,000","118,000","205,000","-87,000","-2,425,338",16.16,3.6,3.66,106
20190115,2330,台積電,"42,990,923","11,609","9,399,209,983",216.5,221,215.5,221,+,2.5,"34,125,091","24,271,930","9,853,161",0,0,0,"14,234","1,311,000","-1,296,766","-373,000","267,000","633,000","-366,000","401,000","408,000","-7,000","8,183,395",16.35,3.64,3.62,106
20190116,2330,台積電,"30,038,282","8,950","6,563,789,758",218.5,220,217.5,217.5,-,3.5,"17,878,988","25,650,697","-7,771,709",0,0,0,"4,000","620,000","-616,000","856,000","669,000","15,000","654,000","565,000","363,000","202,000","-7,531,709",16.09,3.58,3.68,106
20190117,2330,台積電,"21,163,986","8,288","4,646,131,841",218,221,218,220.5,+,3,"15,427,000","12,718,116","2,708,884",0,0,0,"302,000","240,000","62,000","-1,017,399","76,000","447,000","-371,000","93,000","739,399","-646,399","1,753,485",16.31,3.63,3.63,106
20190118,2330,台積電,"52,677,569","15,157","11,530,053,787",219,220,217.5,218.5,-,2,"29,104,264","42,694,216","-13,589,952",0,0,0,"181,000","391,000","-210,000","1,124,000","214,000","362,000","-148,000","1,349,000","77,000","1,272,000","-12,675,952",16.16,3.6,3.66,106
20190121,2330,台積電,"32,515,866","10,549","7,208,829,658",220,223,220,221,+,2.5,"24,369,578","21,026,114","3,343,464",0,0,0,"1,225,000","1,639,000","-414,000","864,000","506,000","91,000","415,000","599,000","150,000","449,000","3,793,464",16.35,3.64,3.62,106
20190122,2330,台積電,"30,958,483","8,258","6,854,867,566",220,223,219,223,+,2,"22,800,000","18,898,238","3,901,762",0,0,0,"1,166,000","3,000","1,163,000","-659,000","281,000","258,000","23,000","12,000","694,000","-682,000","4,405,762",16.49,3.67,3.59,106
20190123,2330,台積電,"18,671,213","7,059","4,121,110,926",221.5,222,220,220.5,-,2.5,"14,036,341","15,402,816","-1,366,475",0,0,0,"15,000","233,000","-218,000","-448,000","83,000","413,000","-330,000","17,000","135,000","-118,000","-2,032,475",16.31,3.63,3.63,106
20190124,2330,台積電,"31,348,924","6,291","6,958,753,608",222.5,222.5,220.5,222.5,+,2,"27,201,102","24,569,722","2,631,380",0,0,0,"134,000","29,000","105,000","-153,000",0,"82,000","-82,000","13,000","84,000","-71,000","2,583,380",16.46,3.66,3.6,106
20190125,2330,台積電,"48,039,764","14,979","10,870,045,150",226.5,227,225,226,+,3.5,"42,382,028","26,550,960","15,831,068",0,0,0,"738,000","13,000","725,000","209,000","260,000","192,000","68,000","178,000","37,000","141,000","16,765,068",16.72,3.72,3.54,106
20190128,2330,台積電,"29,134,257","10,189","6,665,379,096",229.5,229.5,228,229,+,3,"24,995,780","16,144,022","8,851,758",0,0,0,"886,000","134,000","752,000","-681,000","350,000","641,000","-291,000","22,000","412,000","-390,000","8,922,758",16.94,3.77,3.49,106
20190129,2330,台積電,"42,566,520","13,344","9,486,156,460",222.5,225,222,222.5,-,6.5,"27,167,747","37,032,304","-9,864,557",0,0,0,"88,000","616,000","-528,000","972,000","293,000","125,000","168,000","817,000","13,000","804,000","-9,420,557",16.46,3.66,3.6,106
20190130,2330,台積電,"51,889,945","12,858","11,453,957,730",220.5,221.5,220,221,-,1.5,"33,473,378","45,772,593","-12,299,215",0,0,0,"161,000","310,000","-149,000","493,000","450,000","42,000","408,000","199,000","114,000","85,000","-11,955,215",16.35,3.64,3.62,106
20190211,2330,台積電,"81,360,106","21,689","18,546,167,132",228,229,226.5,228,+,7,"74,928,232","45,381,859","29,546,373",0,0,0,"424,000","94,000","330,000","-1,012,000","238,000","497,000","-259,000","126,000","879,000","-753,000","28,864,373",16.86,3.75,3.51,106
20190212,2330,台積電,"30,125,670","13,313","6,921,488,930",230,230,229,230,+,2,"26,643,361","11,540,774","15,102,587",0,0,0,"1,226,000","293,000","933,000","-63,000","100,000","166,000","-66,000","96,000","93,000","3,000","15,972,587",17.01,3.79,3.48,106
20190213,2330,台積電,"28,634,925","10,230","6,575,201,825",232,232,228.5,229,-,1,"24,409,522","12,698,036","11,711,486",0,0,0,"50,000","602,000","-552,000","-63,000","98,000","26,000","72,000","210,000","345,000","-135,000","11,096,486",16.94,3.77,3.49,106
20190214,2330,台積電,"23,647,751","6,873","5,392,943,977",229.5,230,226,227,-,2,"18,838,207","18,057,469","780,738",0,0,0,0,"565,000","-565,000","412,000","277,000","21,000","256,000","351,000","195,000","156,000","627,738",16.79,3.74,3.52,106
20190215,2330,台積電,"22,369,799","5,743","5,093,773,373",229,229,226.5,227, ,0,"20,463,160","16,952,928","3,510,232",0,0,0,0,"393,000","-393,000","-468,000","15,000","174,000","-159,000","51,000","360,000","-309,000","2,649,232",16.79,3.74,3.52,106
20190218,2330,台積電,"18,163,916","7,035","4,169,729,625",229,230.5,228.5,230,+,3,"14,709,000","8,021,000","6,688,000",0,0,0,"153,000","95,000","58,000","-400,000","33,000","715,000","-682,000","399,000","117,000","282,000","6,346,000",17.01,3.79,3.48,106
20190219,2330,台積電,"18,423,023","6,471","4,228,108,427",230,230.5,229,229,-,1,"12,958,978","13,603,300","-644,322",0,0,0,"325,000","62,000","263,000","-84,000","62,000","121,000","-59,000","121,000","146,000","-25,000","-465,322",16.94,3.77,3.49,106
20190220,2330,台積電,"31,887,710","14,241","7,430,197,670",231.5,234.5,231,234.5,+,5.5,"26,348,508","13,977,444","12,371,064",0,0,0,"559,000","15,000","544,000","283,000","40,000","67,000","-27,000","475,000","165,000","310,000","13,198,064",17.34,3.86,3.41,106
20190221,2330,台積電,"34,013,489","11,443","8,013,908,284",235.5,236.5,234.5,236.5,+,2,"28,664,884","13,984,796","14,680,088",0,0,0,"57,000","72,000","-15,000","177,000","93,000","226,000","-133,000","795,000","485,000","310,000","14,842,088",17.49,3.89,3.38,106
20190222,2330,台積電,"22,032,163","6,913","5,187,054,985",235.5,236.5,234,236.5, ,0,"19,757,181","14,803,350","4,953,831",0,0,0,"230,000","170,000","60,000","-897,000","20,000","314,000","-294,000","62,000","665,000","-603,000","4,116,831",17.47,3.66,3.38,106
20190225,2330,台積電,"25,227,138","8,527","5,995,746,054",237.5,239,236,238,+,1.5,"20,670,114","15,443,415","5,226,699",0,0,0,"148,000","24,230","123,770","69,000","109,000","57,000","52,000","160,000","143,000","17,000","5,419,469",17.58,3.68,3.36,107
20190226,2330,台積電,"24,586,789","7,994","5,864,298,571",239,240,236.5,239.5,+,1.5,"20,005,821","15,058,177","4,947,644",0,0,0,"12,000","232,000","-220,000","71,000","277,000","149,000","128,000","329,000","386,000","-57,000","4,798,644",17.69,3.7,3.34,107
20190227,2330,台積電,"37,947,889","9,931","9,052,540,803",238.5,239.5,237,239,-,0.5,"34,264,501","31,414,567","2,849,934",0,0,0,"147,000","331,000","-184,000","-393,000","40,000","246,000","-206,000","99,000","286,000","-187,000","2,272,934",17.65,3.7,3.35,107
20190304,2330,台積電,"45,164,513","13,323","10,691,130,829",239.5,239.5,234.5,235.5,-,3.5,"35,157,681","33,525,725","1,631,956",0,0,0,0,"507,230","-507,230","624,250","442,000","48,000","394,000","576,000","345,750","230,250","1,748,976",17.39,3.64,3.4,107
20190305,2330,台積電,"23,708,407","8,706","5,533,050,748",234,234.5,232.5,233,-,2.5,"13,633,880","14,308,166","-674,286",0,0,0,0,"180,000","-180,000","362,000","300,000","343,000","-43,000","485,000","80,000","405,000","-492,286",17.21,3.6,3.43,107
20190306,2330,台積電,"20,811,226","7,090","4,872,352,124",235,235.5,233.5,234,+,1,"11,538,507","9,622,506","1,916,001",0,0,0,"8,000","30,000","-22,000","-823,000","5,000","1,043,000","-1,038,000","363,000","148,000","215,000","1,071,001",17.28,3.62,3.42,107
20190307,2330,台積電,"17,226,192","5,768","4,029,782,428",235,235,233,234, ,0,"11,678,710","11,650,133","28,577",0,0,0,"13,000","102,000","-89,000","-798,000","20,000","112,000","-92,000","31,000","737,000","-706,000","-858,423",17.28,3.62,3.42,107
20190308,2330,台積電,"22,535,659","8,931","5,183,171,608",231,231.5,229,230,-,4,"8,121,394","17,420,783","-9,299,389",0,0,0,"46,000","681,000","-635,000","220,000","155,000","88,000","67,000","250,000","97,000","153,000","-9,714,389",16.99,3.56,3.48,107
20190311,2330,台積電,"34,282,793","7,451","7,835,079,913",228,230.5,227.5,230.5,+,0.5,"22,982,519","30,941,575","-7,959,056",0,0,0,0,"219,000","-219,000","466,000","624,000","185,000","439,000","305,000","278,000","27,000","-7,712,056",17.02,3.56,3.47,107
20190312,2330,台積電,"23,839,972","9,253","5,601,351,324",233,237,232.5,235.5,+,5,"19,632,040","13,614,095","6,017,945",0,0,0,0,"42,000","-42,000","266,000","332,000","99,000","233,000","175,000","142,000","33,000","6,241,945",17.39,3.64,3.4,107
20190313,2330,台積電,"22,493,195","6,269","5,308,051,755",234,237,234,237,+,1.5,"17,142,344","10,438,878","6,703,466",0,0,0,"261,000","207,000","54,000","-744,000","92,000","279,000","-187,000","30,000","587,000","-557,000","6,013,466",17.5,3.66,3.38,107
20190314,2330,台積電,"17,281,356","6,564","4,077,045,380",239,239,234,234.5,-,2.5,"11,088,868","12,161,928","-1,073,060",0,0,0,"70,000",0,"70,000","-205,000","133,000","464,000","-331,000","252,000","126,000","126,000","-1,208,060",17.32,3.63,3.41,107
20190315,2330,台積電,"34,542,729","8,872","8,231,572,752",237,239.5,235.5,239,+,4.5,"30,573,000","19,847,623","10,725,377",0,0,0,"18,000","436,000","-418,000","-529,000","41,000","434,000","-393,000","150,000","286,000","-136,000","9,778,377",17.65,3.7,3.35,107
20190318,2330,台積電,"27,040,532","10,690","6,493,129,050",239.5,241,239,241,+,2,"22,769,334","7,839,000","14,930,334",0,0,0,"45,000","110,000","-65,000","403,000","105,000","13,000","92,000","483,000","172,000","311,000","15,268,334",17.8,3.73,3.32,107
20190319,2330,台積電,"14,620,009","7,105","3,496,720,720",239,240.5,238,240.5,-,0.5,"9,463,293","8,881,716","581,577",0,0,0,"42,000","99,000","-57,000","234,000","17,000","39,000","-22,000","286,000","30,000","256,000","758,577",17.76,3.72,3.33,107
20190320,2330,台積電,"23,055,971","6,757","5,563,557,011",242,242,239.5,242,+,1.5,"18,125,000","11,788,200","6,336,800",0,0,0,"37,000",0,"37,000","219,000","246,000","104,000","142,000","200,000","123,000","77,000","6,592,800",17.87,3.74,3.31,107
20190321,2330,台積電,"27,514,502","11,071","6,710,510,004",242.5,245.5,241,245.5,+,3.5,"21,504,985","10,834,256","10,670,729",0,0,0,0,"64,000","-64,000","-8,000","150,000","60,000","90,000","123,000","221,000","-98,000","10,598,729",18.13,3.8,3.26,107
20190322,2330,台積電,"22,996,467","10,485","5,680,726,299",248,248.5,244.5,248.5,+,3,"16,147,452","8,748,104","7,399,348",0,0,0,"291,000","9,228","281,772","-313,000","322,000","125,000","197,000","37,000","547,000","-510,000","7,368,120",18.35,3.84,3.22,107
20190325,2330,台積電,"19,273,254","8,468","4,662,705,968",240.5,243.5,240.5,241.5,-,7,"8,600,000","12,195,554","-3,595,554",0,0,0,"10,000","159,000","-149,000","-536,000","97,000","120,000","-23,000","85,000","598,000","-513,000","-4,280,554",17.84,3.73,3.31,107
20190326,2330,台積電,"21,053,170","6,630","5,109,273,236",243,244,241,244,+,2.5,"16,243,921","13,927,358","2,316,563",0,0,0,"11,000","116,000","-105,000","-85,000","58,000","78,000","-20,000","94,000","159,000","-65,000","2,126,563",18.02,3.77,3.28,107
20190327,2330,台積電,"23,622,089","7,603","5,703,467,700",242,242.5,240.5,241.5,-,2.5,"14,861,466","19,196,554","-4,335,088",0,0,0,"365,000","14,000","351,000","895,000","422,000","218,000","204,000","710,000","19,000","691,000","-3,089,088",17.84,3.73,3.31,107
20190328,2330,台積電,"13,998,054","3,948","3,379,510,718",240.5,242.5,240,242,+,0.5,"11,311,540","11,400,384","-88,844",0,0,0,"12,000","12,000",0,"-155,000","10,000","293,000","-283,000","214,000","86,000","128,000","-243,844",17.87,3.74,3.31,107
20190329,2330,台積電,"31,024,810","6,712","7,568,601,014",243,245.5,240.5,245.5,+,3.5,"27,305,875","23,734,541","3,571,334",0,0,0,"17,000","293,000","-276,000","-532,000","60,000","116,000","-56,000","155,000","631,000","-476,000","2,763,334",18.13,3.8,3.26,107
20190401,2330,台積電,"35,330,656","13,292","8,758,161,220",251,251,245,245.5, ,0,"26,776,665","14,506,267","12,270,398",0,0,0,"331,000","1,860","329,140","763,997","255,000","9,000","246,000","647,997","130,000","517,997","13,363,535",18.13,3.8,3.26,107
20190402,2330,台積電,"25,189,053","9,171","6,226,523,038",249.5,249.5,246,246,+,0.5,"17,758,738","11,343,673","6,415,065",0,0,0,"143,000","113,000","30,000","614,000","215,000","8,000","207,000","465,000","58,000","407,000","7,059,065",18.17,3.8,3.25,107
20190403,2330,台積電,"28,581,323","8,067","7,075,597,562",249,249,246.5,246.5,+,0.5,"23,727,263","18,889,075","4,838,188",0,0,0,"32,000","67,000","-35,000","-171,000","362,000","200,000","162,000","19,000","352,000","-333,000","4,632,188",18.21,3.81,3.25,107
20190408,2330,台積電,"46,426,821","16,430","11,682,512,762",251,253,250.5,253,+,6.5,"39,256,999","17,910,313","21,346,686",0,0,0,"259,000",0,"259,000","-107,000","202,000","122,000","80,000","236,000","423,000","-187,000","21,498,686",18.69,3.91,3.16,107
20190409,2330,台積電,"22,745,674","8,323","5,760,337,782",253,254,252,254,+,1,"17,914,693","13,680,947","4,233,746",0,0,0,"184,000","148,000","36,000","14,000","127,000","113,000","14,000","185,000","185,000",0,"4,283,746",18.76,3.93,3.15,107
20190410,2330,台積電,"33,174,934","9,992","8,403,528,302",253,254.5,252,254, ,0,"25,994,915","28,027,948","-2,033,033",0,0,0,"67,000","50,000","17,000","1,607,000","1,611,000",0,"1,611,000","68,000","72,000","-4,000","-409,033",18.76,3.93,3.15,107
20190411,2330,台積電,"25,146,840","8,284","6,347,861,680",253,254,251.5,252,-,2,"16,350,100","19,313,531","-2,963,431",0,0,0,"10,000","75,000","-65,000","722,000","631,000","271,000","360,000","434,000","72,000","362,000","-2,306,431",18.61,3.9,3.17,107
20190412,2330,台積電,"13,888,148","4,931","3,496,444,666",251.5,253,251,252, ,0,"11,874,410","9,837,463","2,036,947",0,0,0,"16,000","47,000","-31,000","138,000","46,000","7,000","39,000","217,000","118,000","99,000","2,143,947",18.61,3.9,3.17,107
20190415,2330,台積電,"17,257,002","6,739","4,403,988,510",255,256,254,255.5,+,3.5,"14,844,673","8,058,491","6,786,182",0,0,0,"20,000","42,000","-22,000","-343,000","109,000","204,000","-95,000","28,000","276,000","-248,000","6,421,182",18.87,3.95,3.13,107
20190416,2330,台積電,"20,231,648","7,676","5,185,697,928",257,257,255.5,257,+,1.5,"17,627,763","13,691,598","3,936,165",0,0,0,0,"247,000","-247,000","541,000","127,000","13,000","114,000","690,000","263,000","427,000","4,230,165",18.98,3.97,3.11,107
20190417,2330,台積電,"39,037,191","13,486","10,202,504,410",260,263,259.5,261.5,+,4.5,"33,839,637","14,605,582","19,234,055",0,0,0,"6,000","329,000","-323,000","1,395,000","1,505,000","244,000","1,261,000","662,000","528,000","134,000","20,306,055",19.31,4.04,3.06,107
20190418,2330,台積電,"48,525,490","12,208","12,836,006,732",264,266,263.5,264.5,+,3,"42,134,126","24,147,502","17,986,624",0,0,0,"53,000","128,000","-75,000","-908,000","251,000","279,000","-28,000","206,000","1,086,000","-880,000","17,003,624",19.53,4.09,3.02,107
20190419,2330,台積電,"47,698,699","14,431","12,712,409,558",269,269.5,263.5,264.5, ,0,"38,621,300","22,964,928","15,656,372",0,0,0,"55,000","53,000","2,000","-381,000","119,000","255,000","-136,000","404,000","649,000","-245,000","15,277,372",19.53,4.09,3.02,107
20190422,2330,台積電,"24,967,393","8,527","6,635,995,145",266.5,267.5,265,266,+,1.5,"20,624,000","11,020,000","9,604,000",0,0,0,803,"251,000","-250,197","-556,000","10,000","163,000","-153,000","60,000","463,000","-403,000","8,797,803",19.65,4.11,3.01,107
20190423,2330,台積電,"26,251,847","9,394","7,017,363,629",266.5,268,266,268,+,2,"22,892,090","13,085,020","9,807,070",0,0,0,"103,000","145,000","-42,000","69,000","122,000","113,000","9,000","111,000","51,000","60,000","9,834,070",19.79,4.14,2.99,107
20190424,2330,台積電,"37,386,755","9,687","10,044,241,090",270,270,267.5,269,+,1,"32,183,427","26,435,334","5,748,093",0,0,0,"148,000","34,000","114,000","-960,000","75,000","797,000","-722,000","89,000","327,000","-238,000","4,902,093",19.87,4.16,2.97,107
20190425,2330,台積電,"36,572,455","7,331","9,800,038,536",268.5,269,267,267.5,-,1.5,"32,597,425","28,061,451","4,535,974",0,0,0,"28,000","304,000","-276,000","-268,000",0,"284,000","-284,000","29,000","13,000","16,000","3,991,974",19.76,4.14,2.99,107
20190426,2330,台積電,"51,743,804","16,674","13,459,329,059",262,263,257.5,260,-,7.5,"27,476,527","37,172,755","-9,696,228",0,0,0,"10,000","20,000","-10,000","1,122,000","1,340,000","649,000","691,000","500,000","69,000","431,000","-8,584,228",19.2,4.02,3.08,107
20190429,2330,台積電,"32,651,618","10,407","8,477,117,257",260,262,258.5,259.5,-,0.5,"28,089,783","21,703,719","6,386,064",0,0,0,"35,000","101,000","-66,000","345,000","347,000","639,000","-292,000","680,000","43,000","637,000","6,665,064",19.17,4.01,3.08,107
20190430,2330,台積電,"40,446,419","10,939","10,484,399,861",260,260.5,258,259,-,0.5,"34,615,186","28,249,014","6,366,172",0,0,0,"197,000","88,000","109,000","321,000","46,000","32,000","14,000","388,000","81,000","307,000","6,796,172",19.13,4,3.09,107
20190502,2330,台積電,"27,376,394","9,110","7,122,135,656",261.5,262.5,258.5,259, ,0,"21,777,750","10,302,799","11,474,951",0,0,0,"32,000","50,000","-18,000","-959,000","147,000","885,000","-738,000","199,000","420,000","-221,000","10,497,951",19.13,4,3.09,107
20190503,2330,台積電,"30,200,246","10,068","7,940,572,444",262,265,260.5,265,+,6,"25,185,200","13,711,706","11,473,494",0,0,0,"55,000","45,925","9,075","-22,000","332,000","88,000","244,000","75,000","341,000","-266,000","11,460,569",19.57,4.1,3.02,107
20190506,2330,台積電,"33,688,187","12,535","8,717,053,470",260,260,258,259,-,6,"14,958,536","22,528,589","-7,570,053",0,0,0,"235,000","150,000","85,000","364,000","1,091,000","437,000","654,000","146,000","436,000","-290,000","-7,121,053",19.13,4,3.09,107
20190507,2330,台積電,"25,686,126","8,339","6,719,199,455",259.5,263,259,262.5,+,3.5,"12,363,929","16,305,171","-3,941,242",0,0,0,"830,000","12,044","817,956","388,000","868,000","481,000","387,000","275,000","274,000","1,000","-2,735,286",19.6,3.63,3.28,107
20190508,2330,台積電,"25,902,364","7,905","6,750,083,504",260,261.5,259.5,260,-,2.5,"13,961,377","22,026,155","-8,064,778",0,0,0,"39,000","127,023","-88,023","1,415,000","1,571,000","75,000","1,496,000","117,000","198,000","-81,000","-6,737,801",19.2,4.02,3.08,107
20190509,2330,台積電,"34,166,574","10,995","8,798,140,796",259.5,259.5,256,256.5,-,3.5,"21,158,713","25,858,678","-4,699,965",0,0,0,"10,000",0,"10,000","514,000","1,059,000","348,000","711,000","284,000","481,000","-197,000","-4,175,965",18.94,3.97,3.12,107
20190510,2330,台積電,"18,868,212","8,009","4,844,594,484",257,259,255,256,-,0.5,"10,284,800","14,466,658","-4,181,858",0,0,0,"24,000","342,000","-318,000","891,000","790,000","103,000","687,000","294,000","90,000","204,000","-3,608,858",18.91,3.96,3.13,107
20190513,2330,台積電,"29,317,535","11,974","7,374,249,589",253,254,249.5,250.5,-,5.5,"13,858,000","18,299,277","-4,441,277",0,0,0,"241,000","18,000","223,000","2,441,000","2,018,000","65,000","1,953,000","576,000","88,000","488,000","-1,777,277",18.5,3.87,3.19,107
20190514,2330,台積電,"45,620,708","14,283","11,345,067,455",247.5,251,245,248.5,-,2,"25,393,846","32,420,972","-7,027,126",0,0,0,"76,000","144,000","-68,000","3,751,000","3,528,000","201,000","3,327,000","876,000","452,000","424,000","-3,344,126",18.35,3.84,3.22,107
20190515,2330,台積電,"37,223,479","12,041","9,327,051,888",251,252,249,249,+,0.5,"19,750,762","31,987,491","-12,236,729",0,0,0,"97,000","26,000","71,000","1,746,000","1,248,000","157,000","1,091,000","753,000","98,000","655,000","-10,419,729",20,3.7,3.21,107
20190516,2330,台積電,"30,331,519","11,402","7,520,908,612",248.5,249.5,246,247,-,2,"17,000,696","26,667,603","-9,666,907",0,0,0,"51,000",0,"51,000","132,000","377,000","317,000","60,000","348,000","276,000","72,000","-9,483,907",19.84,3.68,3.24,107
20190517,2330,台積電,"40,006,856","15,217","9,775,372,898",249,249,241.5,241.5,-,5.5,"22,164,209","33,071,982","-10,907,773",0,0,0,"22,000","68,000","-46,000","1,028,000","851,000","395,000","456,000","665,000","93,000","572,000","-9,925,773",19.4,3.59,3.31,107
20190520,2330,台積電,"47,097,661","13,099","11,303,513,908",242.5,243,238,238,-,3.5,"24,212,500","38,650,649","-14,438,149",0,0,0,"104,000","222,000","-118,000","3,438,000","2,713,000","339,000","2,374,000","1,123,000","59,000","1,064,000","-11,118,149",19.12,3.54,3.36,107
20190521,2330,台積電,"82,872,775","25,418","19,418,705,158",233.5,236,232.5,234,-,4,"36,526,504","74,581,295","-38,054,791",0,0,0,"75,000","153,000","-78,000","4,145,000","2,886,000","436,000","2,450,000","1,796,000","101,000","1,695,000","-33,987,791",18.8,3.48,3.42,107
20190522,2330,台積電,"36,289,034","14,019","8,669,172,710",236.5,240.5,235.5,238,+,4,"16,910,000","23,413,556","-6,503,556",0,0,0,"288,000","241,000","47,000","-581,000","735,000","711,000","24,000","431,000","1,036,000","-605,000","-7,037,556",19.12,3.54,3.36,107
20190523,2330,台積電,"62,258,627","24,974","14,379,543,985",233.5,233.5,230,230,-,8,"26,900,226","53,786,017","-26,885,791",0,0,0,"34,000","150,000","-116,000","1,545,000","596,000","789,000","-193,000","1,878,000","140,000","1,738,000","-25,456,791",18.47,3.42,3.48,107
20190524,2330,台積電,"38,226,789","14,586","8,866,253,632",230,234,230,233,+,3,"15,543,318","29,827,295","-14,283,977",0,0,0,"61,000","21,000","40,000","-270,000","299,000","316,000","-17,000","639,000","892,000","-253,000","-14,513,977",18.71,3.47,3.43,107
20190527,2330,台積電,"37,447,033","13,895","8,697,538,216",234,235,231,231,-,2,"16,652,175","33,280,923","-16,628,748",0,0,0,"8,000","133,000","-125,000","-87,000","219,000","75,000","144,000","508,000","739,000","-231,000","-16,840,748",18.55,3.44,3.46,107
20190528,2330,台積電,"99,322,033","10,122","22,910,765,567",232,232,230.5,230.5,-,0.5,"85,349,606","93,409,267","-8,059,661",0,0,0,"255,000","206,000","49,000","-56,000","106,000","182,000","-76,000","278,000","258,000","20,000","-8,066,661",18.51,3.43,3.47,107
20190529,2330,台積電,"32,260,236","10,233","7,385,029,780",228,230.5,227,229.5,-,1,"15,690,510","25,699,025","-10,008,515",0,0,0,"41,000","385,000","-344,000","75,000","88,000","434,000","-346,000","633,000","212,000","421,000","-10,277,515",18.43,3.41,3.49,107
20190530,2330,台積電,"40,375,328","8,772","9,292,745,636",230,231.5,229,231,+,1.5,"31,889,268","36,923,987","-5,034,719",0,0,0,0,"146,000","-146,000","-42,000","120,000","125,000","-5,000","389,000","426,000","-37,000","-5,222,719",18.55,3.44,3.46,107
20190531,2330,台積電,"49,163,217","14,365","11,559,578,381",232,237.5,231,235.5,+,4.5,"31,826,379","35,213,360","-3,386,981",0,0,0,"474,000","60,000","414,000","-645,000","329,000","757,000","-428,000","263,000","480,000","-217,000","-3,617,981",18.92,3.5,3.4,107
20190603,2330,台積電,"36,687,092","8,857","8,651,389,851",235.5,238.5,232,238,+,2.5,"29,478,318","23,722,349","5,755,969",0,0,0,"250,000","100,000","150,000","-156,000","193,000","271,000","-78,000","328,000","406,000","-78,000","5,749,969",19.12,3.54,3.36,107
20190604,2330,台積電,"24,443,428","11,779","5,745,045,809",237.5,238,233,233,-,5,"8,800,570","19,880,469","-11,079,899",0,0,0,"241,000","164,000","77,000","1,018,000","342,000","158,000","184,000","908,000","74,000","834,000","-9,984,899",18.71,3.47,3.43,107
20190605,2330,台積電,"35,901,584","12,064","8,461,930,934",238,238,234,235,+,2,"24,390,198","26,916,655","-2,526,457",0,0,0,"96,000","407,000","-311,000","216,000","148,000","446,000","-298,000","700,000","186,000","514,000","-2,621,457",18.88,3.5,3.4,107
20190606,2330,台積電,"34,651,731","14,723","8,008,768,323",231.5,232,229.5,232,-,3,"14,769,270","25,874,836","-11,105,566",0,0,0,0,"288,000","-288,000","-653,000","488,000","1,383,000","-895,000","619,000","377,000","242,000","-12,046,566",18.63,3.45,3.45,107
20190610,2330,台積電,"35,521,888","15,588","8,442,986,620",237.5,240,234.5,240,+,8,"27,978,986","17,855,811","10,123,175",0,0,0,"91,000","60,820","30,180","59,000","352,000","368,000","-16,000","573,000","498,000","75,000","10,212,355",19.28,3.57,3.33,107
20190611,2330,台積電,"34,691,670","13,157","8,448,805,962",240,246,239,244.5,+,4.5,"23,740,360","15,650,740","8,089,620",0,0,0,"228,000","44,000","184,000","-1,278,000","462,000","1,077,000","-615,000","319,000","982,000","-663,000","6,995,620",19.64,3.64,3.27,107
20190612,2330,台積電,"30,409,556","11,457","7,469,805,086",244.5,247.5,243,246,+,1.5,"23,737,430","19,095,266","4,642,164",0,0,0,"87,570","236,000","-148,430","-44,000","440,000","97,000","343,000","223,000","610,000","-387,000","4,449,734",19.76,3.66,3.25,107
20190613,2330,台積電,"33,731,724","13,552","8,136,137,708",242.5,244,240,240,-,6,"13,868,000","26,226,808","-12,358,808",0,0,0,"78,352","90,000","-11,648","2,194,000","1,229,000","267,000","962,000","1,264,000","32,000","1,232,000","-10,176,456",19.28,3.57,3.33,107
20190614,2330,台積電,"35,403,556","14,911","8,396,819,832",238.5,239.5,236,236,-,4,"17,148,847","29,226,344","-12,077,497",0,0,0,0,"237,000","-237,000","2,436,000","1,797,000","379,000","1,418,000","1,068,000","50,000","1,018,000","-9,878,497",18.96,3.51,3.39,107
20190617,2330,台積電,"51,692,012","20,943","12,043,369,475",231.5,235,230.5,233,-,3,"22,942,092","42,595,374","-19,653,282",0,0,0,"38,599","273,000","-234,401","2,500,000","1,044,000","173,000","871,000","1,759,000","130,000","1,629,000","-17,387,683",18.71,3.47,3.43,107
20190618,2330,台積電,"28,798,087","9,681","6,758,454,612",234,235.5,233,235.5,+,2.5,"21,163,000","23,911,962","-2,748,962",0,0,0,"151,000","19,000","132,000","-214,000","172,000","436,000","-264,000","316,000","266,000","50,000","-2,830,962",18.92,3.5,3.4,107
20190619,2330,台積電,"50,234,372","20,528","12,181,979,568",242.5,244,240.5,244,+,8.5,"33,291,825","21,476,766","11,815,059",0,0,0,"820,000","8,000","812,000","4,080,000","5,042,000","1,017,000","4,025,000","598,000","543,000","55,000","16,707,059",19.6,3.63,3.28,107
20190620,2330,台積電,"39,717,291","13,879","9,697,726,719",242,245.5,241,245,+,1,"27,219,082","24,174,917","3,044,165",0,0,0,"234,000","6,000","228,000","1,107,000","983,000","68,000","915,000","486,000","294,000","192,000","4,379,165",19.68,3.65,3.27,107
20190621,2330,台積電,"62,136,304","19,049","15,398,139,830",248,248.5,246,248.5,+,3.5,"42,699,743","28,603,610","14,096,133",0,0,0,"249,000","222,000","27,000","270,000","623,000","1,046,000","-423,000","1,211,000","518,000","693,000","14,393,133",19.96,3.7,3.22,107
20190624,2330,台積電,"43,460,507","17,780","10,476,936,660",241,242,240,241,X,0,"18,462,159","27,587,088","-9,124,929",0,0,0,"26,315","2,000","24,315","-3,606,000","358,000","1,771,000","-1,413,000","61,000","2,254,000","-2,193,000","-12,706,614",19.36,3.59,3.32,107
20190625,2330,台積電,"29,735,283","11,130","7,118,002,390",241,241.5,237,238.5,-,2.5,"14,750,472","14,593,815","156,657",0,0,0,"10,000","42,000","-32,000","-1,426,000","109,000","791,000","-682,000","52,000","796,000","-744,000","-1,301,343",19.16,3.55,3.35,107
20190626,2330,台積電,"28,770,041","13,535","6,757,991,717",235,236.5,234,234.5,-,4,"9,788,956","23,575,661","-13,786,705",0,0,0,"140,000","17,000","123,000","358,000","463,000","391,000","72,000","366,000","80,000","286,000","-13,305,705",18.84,3.49,3.41,107
20190627,2330,台積電,"42,007,834","14,983","10,063,332,494",236,241.5,236,240.5,+,6,"33,989,841","23,126,865","10,862,976",0,0,0,"471,000",0,"471,000","-178,000","249,000","320,000","-71,000","312,000","419,000","-107,000","11,155,976",19.32,3.58,3.33,107
20190628,2330,台積電,"28,085,212","8,987","6,715,488,371",241.5,241.5,238,239,-,1.5,"19,911,387","18,626,864","1,284,523",0,0,0,"200,000","5,000","195,000","162,000","77,000","92,000","-15,000","389,000","212,000","177,000","1,641,523",19.2,3.56,3.35,107
20190701,2330,台積電,"66,370,875","29,551","16,445,222,750",245.5,250,245,248.5,+,9.5,"38,230,280","23,079,608","15,150,672",0,0,0,"2,445,000","5,000","2,440,000","-2,635,000","1,228,000","2,438,000","-1,210,000","172,000","1,597,000","-1,425,000","14,955,672",19.96,3.7,3.22,107
20190702,2330,台積電,"26,832,202","12,531","6,671,951,743",249.5,250,247.5,249,+,0.5,"14,041,058","14,406,943","-365,885",0,0,0,"967,000",0,"967,000","250,000","221,000","58,000","163,000","188,000","101,000","87,000","851,115",20,3.7,3.21,107
20190703,2330,台積電,"29,549,774","16,033","7,190,777,082",244,245,242,242.5,-,6.5,"9,045,954","18,847,000","-9,801,046",0,0,0,"135,000","23,000","112,000","213,000","1,194,000","1,211,000","-17,000","304,000","74,000","230,000","-9,476,046",19.48,3.61,3.3,107
20190704,2330,台積電,"18,691,240","8,565","4,561,556,160",244.5,245,242.5,244,+,1.5,"9,931,554","11,597,625","-1,666,071",0,0,0,"273,000","21,781","251,219","419,000","194,000","55,000","139,000","308,000","28,000","280,000","-995,852",19.6,3.63,3.28,107
20190705,2330,台積電,"27,317,074","9,013","6,624,379,927",244.5,245,241.5,243,-,1,"14,397,132","20,989,622","-6,592,490",0,0,0,"53,000",0,"53,000","520,000","288,000","64,000","224,000","361,000","65,000","296,000","-6,019,490",19.52,3.62,3.29,107
20190708,2330,台積電,"29,190,909","10,552","7,057,462,187",240,244.5,240,242.5,-,0.5,"14,149,657","23,907,771","-9,758,114",0,0,0,"51,000",0,"51,000","1,380,000","841,000","140,000","701,000","827,000","148,000","679,000","-8,327,114",19.48,3.61,3.3,107
20190709,2330,台積電,"16,538,987","6,486","3,998,096,596",241.5,243,240.5,242,-,0.5,"7,392,439","13,463,345","-6,070,906",0,0,0,"200,000","6,000","194,000","31,000","79,000","119,000","-40,000","232,000","161,000","71,000","-5,845,906",19.44,3.6,3.31,107
20190710,2330,台積電,"23,812,131","12,366","5,839,691,357",243,247,243,247,+,5,"11,506,318","12,497,941","-991,623",0,0,0,"315,000","22,000","293,000","1,428,000","1,839,000","183,000","1,656,000","180,000","408,000","-228,000","729,377",19.84,3.68,3.24,107
20190711,2330,台積電,"31,296,289","14,360","7,809,358,257",250,250,247.5,250,+,3,"19,654,000","10,011,457","9,642,543",0,0,0,"253,000","16,000","237,000","-1,315,000","182,000","1,339,000","-1,157,000","114,000","272,000","-158,000","8,564,543",20.08,3.72,3.2,107
20190712,2330,台積電,"23,868,432","8,363","5,984,689,000",252,252,249.5,250.5,+,0.5,"19,966,031","10,240,045","9,725,986",0,0,0,"27,000","10,000","17,000","-834,000","77,000","309,000","-232,000","147,000","749,000","-602,000","8,908,986",20.12,3.73,3.19,107
20190715,2330,台積電,"34,264,300","12,174","8,663,129,910",251,254.5,249.5,254.5,+,4,"23,490,609","17,727,000","5,763,609",0,0,0,"112,000","32,000","80,000","-349,000","211,000","471,000","-260,000","121,000","210,000","-89,000","5,494,609",20.44,3.79,3.14,107
20190716,2330,台積電,"26,141,249","8,994","6,678,755,679",254,256.5,253.5,256,+,1.5,"18,953,292","13,689,135","5,264,157",0,0,0,"172,000","18,000","154,000","-345,000","109,000","342,000","-233,000","132,000","244,000","-112,000","5,073,157",20.56,3.81,3.13,107
20190717,2330,台積電,"34,346,648","11,106","8,686,815,824",254,254,251,252,-,4,"20,966,139","29,090,907","-8,124,768",0,0,0,"132,000","140,000","-8,000","962,000","537,000","444,000","93,000","985,000","116,000","869,000","-7,170,768",20.24,3.75,3.17,107
20190718,2330,台積電,"20,908,575","8,245","5,300,082,470",252,254.5,251.5,254,+,2,"11,352,403","15,102,936","-3,750,533",0,0,0,"61,784",0,"61,784","1,491,000","697,000","391,000","306,000","1,362,000","177,000","1,185,000","-2,197,749",20.4,3.78,3.15,107
20190719,2330,台積電,"59,879,798","21,827","15,573,278,932",259.5,261,259,259,+,5,"47,132,477","23,114,296","24,018,181",0,0,0,"738,000","335,000","403,000","-1,211,000","453,000","689,000","-236,000","151,000","1,126,000","-975,000","23,210,181",20.8,3.85,3.09,107
20190722,2330,台積電,"31,863,639","13,424","8,385,222,407",263,264,262,264,+,5,"26,639,100","13,040,367","13,598,733",0,0,0,"420,000","32,000","388,000","-1,196,000","75,000","594,000","-519,000","27,000","704,000","-677,000","12,790,733",21.2,3.93,3.03,107
20190723,2330,台積電,"29,273,223","12,791","7,734,089,131",265.5,266.5,262.5,264, ,0,"24,162,806","11,229,944","12,932,862",0,0,0,"139,000","93,000","46,000","-456,000","16,000","232,000","-216,000","94,000","334,000","-240,000","12,522,862",21.2,3.93,3.03,107
20190724,2330,台積電,"24,511,039","10,617","6,484,708,226",266.5,266.5,263,265,+,1,"17,251,698","10,978,399","6,273,299",0,0,0,"94,000","38,000","56,000","-2,518,000","23,000","2,400,000","-2,377,000","25,000","166,000","-141,000","3,811,299",21.29,3.94,3.02,107
20190725,2330,台積電,"30,698,545","10,643","8,091,922,380",264,265,261.5,265, ,0,"24,391,658","19,493,149","4,898,509",0,0,0,"86,000","315,000","-229,000","-107,000","120,000","223,000","-103,000","147,000","151,000","-4,000","4,562,509",21.29,3.94,3.02,107
20190726,2330,台積電,"20,768,071","8,850","5,434,082,968",261,262.5,261,261,-,4,"12,779,496","16,345,895","-3,566,399",0,0,0,"60,000","172,000","-112,000","114,000","72,000","258,000","-186,000","334,000","34,000","300,000","-3,564,399",20.96,3.88,3.07,107
20190729,2330,台積電,"18,473,320","6,681","4,822,762,518",260,262,259.5,261, ,0,"13,228,599","12,117,213","1,111,386",0,0,0,"18,000","19,000","-1,000","93,000","21,000","152,000","-131,000","473,000","249,000","224,000","1,203,386",20.96,3.88,3.07,107
20190730,2330,台積電,"22,895,612","7,191","5,975,389,270",262.5,263,260,260,-,1,"16,112,436","16,120,562","-8,126",0,0,0,"293,000","119,000","174,000","-540,000","162,000","799,000","-637,000","213,000","116,000","97,000","-374,126",20.88,3.87,3.08,107
20190731,2330,台積電,"36,365,601","10,468","9,413,416,604",260,260,257,259.5,-,0.5,"30,353,307","28,866,606","1,486,701",0,0,0,"14,000","6,000","8,000","-2,546,000","106,000","2,185,000","-2,079,000","31,000","498,000","-467,000","-1,051,299",20.84,3.86,3.08,107
20190801,2330,台積電,"30,107,526","11,372","7,722,031,382",257.5,257.5,255.5,256.5,-,3,"15,046,734","25,721,365","-10,674,631",0,0,0,"226,000","30,000","196,000","1,421,000","1,077,000","258,000","819,000","644,000","42,000","602,000","-9,057,631",20.6,3.82,3.12,107
20190802,2330,台積電,"54,165,644","18,096","13,627,068,452",252,253.5,250.5,251.5,-,5,"31,228,685","40,584,050","-9,355,365",0,0,0,"5,000","240,000","-235,000","879,000","674,000","136,000","538,000","492,000","151,000","341,000","-8,711,365",20.2,3.74,3.18,107
20190805,2330,台積電,"52,835,721","20,136","13,092,403,583",251,252,245.5,246.5,-,5,"18,179,332","40,275,009","-22,095,677",0,0,0,"78,000","506,000","-428,000","2,291,000","1,785,000","314,000","1,471,000","868,000","48,000","820,000","-20,232,677",19.8,3.67,3.25,107
20190806,2330,台積電,"58,916,879","22,358","14,440,787,992",240,250,240,248.5,+,2,"25,614,284","29,956,005","-4,341,721",0,0,0,"688,000","73,000","615,000","852,000","1,254,000","874,000","380,000","816,000","344,000","472,000","-2,874,721",19.96,3.7,3.22,107
20190807,2330,台積電,"29,435,460","11,208","7,305,272,500",250,250.5,246.5,248,-,0.5,"11,942,083","21,871,034","-9,928,951",0,0,0,"67,000","491,000","-424,000","-1,533,000","167,000","1,531,000","-1,364,000","125,000","294,000","-169,000","-11,885,951",19.92,3.69,3.23,107
20190808,2330,台積電,"30,140,266","11,228","7,599,200,564",248,254,248,253.5,+,5.5,"22,693,000","15,212,481","7,480,519",0,0,0,"427,075","52,000","375,075","-449,000","601,000","619,000","-18,000","97,000","528,000","-431,000","7,406,594",20.36,3.77,3.16,107
20190812,2330,台積電,"24,732,603","8,415","6,242,935,989",254.5,254.5,251,251,-,2.5,"15,955,631","19,332,830","-3,377,199",0,0,0,"7,000","546,000","-539,000","-468,000","249,000","567,000","-318,000","86,000","236,000","-150,000","-4,384,199",20.16,3.73,3.19,107
20190813,2330,台積電,"25,045,107","11,377","6,204,239,476",249,249.5,246.5,246.5,-,4.5,"12,736,809","21,095,909","-8,359,100",0,0,0,"159,000","200,018","-41,018","475,000","705,000","154,000","551,000","141,000","217,000","-76,000","-7,925,118",19.8,3.67,3.25,107
20190814,2330,台積電,"36,336,703","13,609","9,142,333,535",252.5,254,249.5,249.5,+,3,"18,620,131","22,677,765","-4,057,634",0,0,0,"304,000",0,"304,000","171,000","1,166,000","1,309,000","-143,000","582,000","268,000","314,000","-3,582,634",20.4,4.16,3.21,107
20190815,2330,台積電,"28,277,412","10,852","6,994,442,633",247,248.5,246,248,-,1.5,"16,857,150","18,719,743","-1,862,593",0,0,0,"57,000","689,000","-632,000","-288,000","697,000","837,000","-140,000","214,000","362,000","-148,000","-2,782,593",20.28,4.14,3.23,107
20190816,2330,台積電,"25,696,715","8,994","6,420,744,887",249.5,252,248,250,+,2,"15,700,022","18,076,027","-2,376,005",0,0,0,"25,000","98,000","-73,000","-155,000","258,000","582,000","-324,000","368,000","199,000","169,000","-2,604,005",20.44,4.17,3.2,107
20190819,2330,台積電,"25,098,514","9,398","6,326,683,127",251.5,253,250.5,252,+,2,"16,938,575","15,105,302","1,833,273",0,0,0,"302,000","70,000","232,000","-129,000","321,000","391,000","-70,000","80,000","139,000","-59,000","1,936,273",20.61,4.21,3.17,107
20190820,2330,台積電,"20,620,494","8,214","5,233,263,533",254,254.5,252.5,254.5,+,2.5,"15,706,026","9,309,652","6,396,374",0,0,0,"109,000","53,000","56,000","-797,000","253,000","780,000","-527,000","78,000","348,000","-270,000","5,655,374",20.81,4.25,3.14,107
20190821,2330,台積電,"20,269,296","7,383","5,152,545,480",254.5,255,253,254.5, ,0,"14,882,469","13,585,323","1,297,146",0,0,0,"96,000","58,000","38,000","-609,959","51,000","820,000","-769,000","293,041","134,000","159,041","725,187",20.81,4.25,3.14,107
20190822,2330,台積電,"22,136,840","8,794","5,659,296,700",257,257.5,254,254,-,0.5,"13,118,480","11,965,140","1,153,340",0,0,0,"1,949,000","120,000","1,829,000","-841,000","260,000","652,000","-392,000","150,000","599,000","-449,000","2,141,340",20.77,4.24,3.15,107
20190823,2330,台積電,"14,772,877","5,663","3,748,071,178",253.5,254.5,253,254, ,0,"7,953,392","9,575,376","-1,621,984",0,0,0,"227,000","86,000","141,000","692,000","175,000","25,000","150,000","661,000","119,000","542,000","-788,984",20.77,4.24,3.15,107
20190826,2330,台積電,"31,740,620","13,388","7,910,873,500",249,250.5,248.5,248.5,-,5.5,"11,799,951","27,248,079","-15,448,128",0,0,0,"366,000","282,000","84,000","118,000","319,000","163,000","156,000","172,000","210,000","-38,000","-15,246,128",20.32,4.15,3.22,107
20190827,2330,台積電,"53,664,951","8,939","13,410,582,151",250.5,251,248.5,250,+,1.5,"46,495,289","47,619,526","-1,124,237",0,0,0,"613,000","22,000","591,000","-302,000","16,000","278,000","-262,000","114,000","154,000","-40,000","-835,237",20.44,4.17,3.2,107
20190828,2330,台積電,"15,280,882","6,829","3,852,096,070",250.5,253,250.5,252,+,2,"11,006,239","8,356,875","2,649,364",0,0,0,"145,000",0,"145,000","-409,000","126,000","540,000","-414,000","63,000","58,000","5,000","2,385,364",20.61,4.21,3.17,107
20190829,2330,台積電,"20,085,767","6,596","5,078,703,588",253,254,251,254,+,2,"16,493,415","12,799,843","3,693,572",0,0,0,"118,000","124,000","-6,000","-10,000","53,000","91,000","-38,000","104,000","76,000","28,000","3,677,572",20.77,4.24,3.15,107
20190830,2330,台積電,"35,299,201","13,703","9,092,482,858",256.5,259,256,259,+,5,"30,454,031","12,897,397","17,556,634",0,0,0,"50,000",0,"50,000","376,000","361,000","101,000","260,000","217,000","101,000","116,000","17,982,634",21.18,4.32,3.09,107
20190902,2330,台積電,"14,776,854","7,608","3,800,453,292",258,258,256,257.5,-,1.5,"8,268,832","7,452,000","816,832",0,0,0,"139,000","156,000","-17,000","533,000","606,000","12,000","594,000","165,000","226,000","-61,000","1,332,832",21.05,4.3,3.11,107
20190903,2330,台積電,"26,086,495","11,210","6,642,868,555",256.5,258,253,254,-,3.5,"11,399,399","20,908,758","-9,509,359",0,0,0,"384,000","193,000","191,000","1,604,000","935,000","44,000","891,000","776,000","63,000","713,000","-7,714,359",20.77,4.24,3.15,107
20190904,2330,台積電,"23,697,733","9,291","6,081,456,520",254,258,254,257.5,+,3.5,"17,730,960","13,163,315","4,567,645",0,0,0,"384,000","110,000","274,000","1,498,000","1,743,000","214,000","1,529,000","223,000","254,000","-31,000","6,339,645",21.05,4.3,3.11,107
20190905,2330,台積電,"49,041,728","22,796","12,869,665,251",263,263,260.5,263,+,5.5,"43,947,000","10,292,236","33,654,764",0,0,0,"1,277,000","275,000","1,002,000","-1,654,000","225,000","1,087,000","-862,000","135,000","927,000","-792,000","33,002,764",21.5,4.39,3.04,107
20190906,2330,台積電,"26,609,515","11,957","7,016,868,801",265,265,263,263.5,+,0.5,"21,956,021","9,896,549","12,059,472",0,0,0,"329,000","12,000","317,000","-355,000","149,000","346,000","-197,000","111,000","269,000","-158,000","12,021,472",21.55,4.4,3.04,107
20190909,2330,台積電,"17,317,833","8,762","4,585,545,966",265.5,266,263.5,265,+,1.5,"11,629,458","3,739,000","7,890,458",0,0,0,"151,000","17,000","134,000","-846,000","119,000","500,000","-381,000","94,000","559,000","-465,000","7,178,458",21.67,4.42,3.02,107
20190910,2330,台積電,"30,019,866","11,831","7,862,297,242",263.5,264,260.5,261.5,-,3.5,"19,125,000","20,427,744","-1,302,744",0,0,0,"33,000","364,000","-331,000","1,280,000","507,000","200,000","307,000","1,024,000","51,000","973,000","-353,744",21.38,4.36,3.06,107
20190911,2330,台積電,"36,266,015","12,058","9,508,884,445",264,264.5,260.5,263,+,1.5,"24,161,720","23,448,214","713,506",0,0,0,"408,000","9,000","399,000","-813,000","502,000","1,767,000","-1,265,000","535,000","83,000","452,000","299,506",21.5,4.39,3.04,107
20190912,2330,台積電,"38,792,293","8,282","10,198,483,555",265,265,261.5,262.5,-,0.5,"32,971,212","28,739,259","4,231,953",0,0,0,"178,000","16,000","162,000","510,000","627,000","219,000","408,000","262,000","160,000","102,000","4,903,953",21.46,4.38,3.05,107
20190916,2330,台積電,"38,913,966","11,120","10,258,240,252",262,265.5,261.5,265.5,+,3,"33,721,238","20,208,631","13,512,607",0,0,0,"43,000","27,290","15,710","125,000","683,000","449,000","234,000","76,000","185,000","-109,000","13,653,317",21.71,4.43,3.01,107
20190917,2330,台積電,"30,069,844","9,222","7,979,032,930",266.5,266.5,264.5,265,-,0.5,"25,214,088","15,744,586","9,469,502",0,0,0,"111,000","24,000","87,000","-107,000","574,000","488,000","86,000","174,000","367,000","-193,000","9,449,502",21.67,4.42,3.02,107
20190918,2330,台積電,"51,360,759","17,993","13,754,334,364",267,269.5,266.5,267,+,2,"40,824,200","14,072,936","26,751,264",0,0,0,"118,000","369,968","-251,968","-738,000","1,050,000","2,053,000","-1,003,000","773,000","508,000","265,000","25,761,296",21.83,4.46,3,107
20190919,2330,台積電,"27,165,567","10,194","7,216,457,755",268,268,264,265,X,0,"16,326,802","13,863,667","2,463,135",0,0,0,"479,000","357,000","122,000","-287,000","87,000","300,000","-213,000","217,000","291,000","-74,000","2,298,135",21.67,4.42,3.02,107
20190920,2330,台積電,"44,555,865","9,109","11,785,924,559",266,266.5,264,264,-,1,"35,478,536","36,049,594","-571,058",0,0,0,"1,216,000","366,000","850,000","341,000","197,000","385,000","-188,000","570,000","41,000","529,000","619,942",21.59,4.41,3.03,107
20190923,2330,台積電,"14,220,208","5,647","3,749,146,092",264,264,263,264, ,0,"8,701,487","7,716,289","985,198",0,0,0,"214,000","350,000","-136,000","-132,900","60,000","183,000","-123,000","100,100","110,000","-9,900","716,298",21.59,4.41,3.03,107
20190924,2330,台積電,"24,304,943","9,180","6,419,420,695",263.5,265.5,262,265,+,1,"14,474,852","15,880,717","-1,405,865",0,0,0,"27,000","33,992","-6,992","-724,000","144,000","1,247,000","-1,103,000","456,000","77,000","379,000","-2,136,857",21.67,4.42,3.02,107
20190925,2330,台積電,"23,244,163","7,145","6,144,037,875",262.5,266,262,266,+,1,"17,797,512","14,722,606","3,074,906",0,0,0,"1,250,000","10,000","1,240,000","-1,550,000","67,000","1,547,000","-1,480,000","52,000","122,000","-70,000","2,764,906",21.75,4.44,3.01,107
20190926,2330,台積電,"34,128,103","11,861","9,139,219,995",269,269.5,266.5,268,+,2,"25,183,361","19,768,811","5,414,550",0,0,0,"729,000","10,000","719,000","-1,261,000","103,000","609,000","-506,000","59,000","814,000","-755,000","4,872,550",21.91,4.47,2.99,107
20190927,2330,台積電,"44,242,817","16,626","12,021,629,536",271.5,272.5,271,272,+,4,"35,764,100","16,591,487","19,172,613",0,0,0,"1,052,000","20,000","1,032,000","-190,000","400,000","516,000","-116,000","211,000","285,000","-74,000","20,014,613",22.24,4.54,2.94,107
20191001,2330,台積電,"75,248,890","26,648","20,886,838,992",273,280.5,273,280,+,8,"60,159,880","33,441,490","26,718,390",0,0,0,"578,000","60,266","517,734","-487,000","773,000","1,061,000","-288,000","381,000","580,000","-199,000","26,749,124",22.89,4.67,2.86,107
20191002,2330,台積電,"30,572,953","12,294","8,553,297,334",280,281,279,279.5,-,0.5,"21,645,846","15,817,094","5,828,752",0,0,0,"575,000","174,000","401,000","-366,000","416,000","843,000","-427,000","205,000","144,000","61,000","5,863,752",22.85,4.66,2.86,107
20191003,2330,台積電,"35,874,864","12,853","9,891,620,358",274,277.5,274,276.5,-,3,"19,714,000","26,558,241","-6,844,241",0,0,0,"353,000","52,000","301,000","819,000","450,000","156,000","294,000","546,000","21,000","525,000","-5,724,241",22.61,4.61,2.89,107
20191004,2330,台積電,"35,814,613","13,780","9,924,872,301",279.5,280,275,276.5, ,0,"20,816,200","22,835,565","-2,019,365",0,0,0,"337,000","8,000","329,000","432,000","391,000","387,000","4,000","497,000","69,000","428,000","-1,258,365",22.61,4.61,2.89,107
20191007,2330,台積電,"17,750,230","7,757","4,944,376,000",279,279.5,277.5,278,+,1.5,"7,861,173","7,474,243","386,930",0,0,0,"224,000","14,000","210,000","-240,000","85,000","55,000","30,000","106,000","376,000","-270,000","356,930",22.73,4.64,2.88,107
20191008,2330,台積電,"39,868,551","16,721","11,341,522,526",283.5,286.5,282.5,286.5,+,8.5,"32,774,017","16,342,770","16,431,247",0,0,0,"55,000","133,000","-78,000","-899,000","390,000","880,000","-490,000","96,000","505,000","-409,000","15,454,247",23.43,4.78,2.79,107
20191009,2330,台積電,"34,895,456","14,567","9,890,256,397",283.5,286,282,282,-,4.5,"18,513,530","21,202,214","-2,688,684",0,0,0,"320,000","152,000","168,000","-1,715,000","957,000","2,740,000","-1,783,000","254,000","186,000","68,000","-4,235,684",23.06,4.71,2.84,107
20191014,2330,台積電,"53,403,517","17,812","15,508,059,122",291.5,291.5,288.5,290,+,8,"39,471,052","34,508,765","4,962,287",0,0,0,"237,000","82,000","155,000","1,375,000","1,090,000","93,000","997,000","495,000","117,000","378,000","6,492,287",23.71,4.84,2.76,107
20191015,2330,台積電,"54,754,830","15,485","16,088,110,873",293.5,296,292,293.5,+,3.5,"41,639,390","37,149,515","4,489,875",0,0,0,"196,000","296,000","-100,000","309,000","586,000","250,000","336,000","247,000","274,000","-27,000","4,698,875",24,4.9,2.73,107
20191016,2330,台積電,"42,917,144","16,650","12,670,374,493",298,298,293.5,296.5,+,3,"31,034,741","24,199,341","6,835,400",0,0,0,"5,000","188,821","-183,821","-1,777,001","184,000","1,903,000","-1,719,000","309,000","367,001","-58,001","4,874,578",24.24,4.95,2.7,107
20191017,2330,台積電,"41,920,938","15,170","12,296,120,182",295,295.5,292,293.5,-,3,"26,065,192","26,403,233","-338,041",0,0,0,"57,225","66,000","-8,775","979,000","844,000","181,000","663,000","445,000","129,000","316,000","632,184",24,4.9,2.73,107
20191018,2330,台積電,"45,460,984","18,000","13,299,843,176",293,295.5,291,293,-,0.5,"26,589,283","20,458,566","6,130,717",0,0,0,"114,000","244,000","-130,000","-772,000","402,000","1,023,000","-621,000","230,000","381,000","-151,000","5,228,717",23.96,4.89,2.73,107
20191021,2330,台積電,"35,860,365","14,682","10,389,254,035",291,291,288.5,290,-,3,"17,328,547","15,040,573","2,287,974",0,0,0,"98,000","84,000","14,000","840,000","688,000","155,000","533,000","362,000","55,000","307,000","3,141,974",23.71,4.84,2.76,107
20191022,2330,台積電,"26,525,020","10,186","7,767,636,380",292.5,294,291.5,294,+,4,"19,773,790","9,403,064","10,370,726",0,0,0,"24,000","5,000","19,000","-164,000","204,000","145,000","59,000","123,000","346,000","-223,000","10,225,726",24.04,4.91,2.72,107
20191023,2330,台積電,"30,382,408","11,753","8,877,572,772",293.5,293.5,290.5,293,-,1,"16,810,050","15,179,915","1,630,135",0,0,0,"110,000","196,136","-86,136","-1,893,000","473,000","2,461,000","-1,988,000","267,000","172,000","95,000","-349,001",23.96,4.89,2.73,107
20191024,2330,台積電,"29,040,827","10,649","8,488,069,650",294.5,294.5,291,293, ,0,"20,500,638","13,312,129","7,188,509",0,0,0,0,"200,000","-200,000","-77,000","385,000","801,000","-416,000","455,000","116,000","339,000","6,911,509",23.96,4.89,2.73,107
20191025,2330,台積電,"25,082,711","11,064","7,362,074,526",294.5,294.5,292.5,293.5,+,0.5,"20,135,431","10,137,785","9,997,646",0,0,0,0,"140,707","-140,707","-104,000","104,000","114,000","-10,000","117,000","211,000","-94,000","9,752,939",24,4.9,2.73,107
20191028,2330,台積電,"20,216,561","9,257","5,958,714,595",295,295.5,294,294.5,+,1,"11,995,491","4,695,484","7,300,007",0,0,0,0,"388,000","-388,000","26,000","239,000","149,000","90,000","98,000","162,000","-64,000","6,938,007",24.08,4.91,2.72,107
20191029,2330,台積電,"37,130,131","14,060","11,044,649,541",297,298.5,296.5,298.5,+,4,"30,577,978","12,807,294","17,770,684",0,0,0,"111,000","348,000","-237,000","-1,020,000","272,000","694,000","-422,000","34,000","632,000","-598,000","16,513,684",24.41,4.98,2.68,107
20191030,2330,台積電,"32,370,342","11,084","9,646,551,600",298.5,299.5,296.5,299.5,+,1,"24,010,860","19,662,433","4,348,427",0,0,0,"80,000","107,000","-27,000","-260,000","233,000","356,000","-123,000","157,000","294,000","-137,000","4,061,427",24.49,5,2.67,107
20191031,2330,台積電,"43,123,514","12,997","12,921,309,531",300,301.5,298.5,298.5,-,1,"32,130,174","24,031,779","8,098,395",0,0,0,"109,000","65,000","44,000","-436,000","149,000","456,000","-307,000","305,000","434,000","-129,000","7,706,395",24.41,4.98,2.68,107
20191101,2330,台積電,"30,216,678","10,241","8,998,151,212",299.5,299.5,296.5,299,+,0.5,"22,652,885","16,268,687","6,384,198",0,0,0,"142,000","12,000","130,000","-34,000","248,000","368,000","-120,000","255,000","169,000","86,000","6,480,198",24.45,4.99,2.68,107
20191104,2330,台積電,"45,155,671","18,475","13,767,873,778",302.5,308,301,307,+,8,"23,050,682","15,059,016","7,991,666",0,0,0,"199,000","103,000","96,000","397,000","622,000","167,000","455,000","177,000","235,000","-58,000","8,484,666",25.1,5.12,2.61,107
20191105,2330,台積電,"32,253,184","13,698","9,965,563,625",307.5,310.5,307,310.5,+,3.5,"19,111,623","16,264,231","2,847,392",0,0,0,"549,000","139,000","410,000","468,000","297,000","65,000","232,000","349,000","113,000","236,000","3,725,392",25.39,5.18,2.58,107
20191106,2330,台積電,"22,149,743","9,660","6,864,516,290",309,311.5,308,311,+,0.5,"13,145,177","10,711,620","2,433,557",0,0,0,"417,000","58,000","359,000","514,000","707,000","261,000","446,000","180,000","112,000","68,000","3,306,557",25.43,5.19,2.57,107
20191107,2330,台積電,"28,453,659","12,277","8,769,417,841",310,310,306.5,309,-,2,"14,190,106","16,836,868","-2,646,762",0,0,0,"1,227,000","256,000","971,000","40,000","315,000","377,000","-62,000","338,000","236,000","102,000","-1,635,762",25.27,5.16,2.59,107
20191108,2330,台積電,"26,230,542","12,740","8,040,782,450",308.5,309,305.5,305.5,-,3.5,"12,570,322","17,256,063","-4,685,741",0,0,0,"958,000","138,000","820,000","630,000","238,000","145,000","93,000","705,000","168,000","537,000","-3,235,741",24.98,5.1,2.62,107
20191111,2330,台積電,"35,285,583","15,246","10,660,082,266",305,305,300,301,-,4.5,"21,278,000","19,945,401","1,332,599",0,0,0,"122,000","393,000","-271,000","507,000","504,000","209,000","295,000","323,000","111,000","212,000","1,568,599",24.61,5.02,2.66,107
20191112,2330,台積電,"19,016,708","8,957","5,774,255,431",302.5,305,302,305,+,4,"10,430,600","12,820,327","-2,389,727",0,0,0,"242,000","110,000","132,000","75,000","156,000","83,000","73,000","88,000","86,000","2,000","-2,182,727",24.94,5.09,2.62,107
20191113,2330,台積電,"18,422,438","6,039","5,583,245,970",303,304,301.5,304,-,1,"13,667,000","13,211,379","455,621",0,0,0,0,"20,000","-20,000","-174,000","438,000","340,000","98,000","73,000","345,000","-272,000","261,621",24.86,5.07,2.63,107
20191114,2330,台積電,"15,734,835","6,219","4,776,767,840",304.5,305,302,303.5,-,0.5,"8,733,252","10,784,487","-2,051,235",0,0,0,"151,000","97,000","54,000","-235,000","112,000","280,000","-168,000","124,000","191,000","-67,000","-2,232,235",23.9,4.96,2.64,107
20191115,2330,台積電,"29,038,445","8,672","8,891,701,115",305.5,307.5,304.5,307,+,3.5,"15,700,924","18,502,769","-2,801,845",0,0,0,"689,000","16,000","673,000","-579,000","100,000","153,000","-53,000","34,000","560,000","-526,000","-2,707,845",24.17,5.02,2.61,107
20191118,2330,台積電,"18,741,325","8,420","5,796,331,075",308.5,311,307,311,+,4,"9,826,104","7,937,756","1,888,348",0,0,0,"1,292,000","15,000","1,277,000","-386,000","15,000","104,000","-89,000","28,000","325,000","-297,000","2,779,348",24.49,5.08,2.57,107
20191119,2330,台積電,"33,096,197","11,121","10,365,611,120",312.5,315,311,315,+,4,"27,331,447","14,776,775","12,554,672",0,0,0,"320,000","304,000","16,000","-770,000","158,000","336,000","-178,000","174,000","766,000","-592,000","11,800,672",24.8,5.15,2.54,107
20191120,2330,台積電,"24,538,973","9,143","7,681,229,345",314,314,312,313.5,-,1.5,"13,563,800","16,707,415","-3,143,615",0,0,0,"708,000","47,000","661,000","-1,000","888,000","248,000","640,000","47,000","688,000","-641,000","-2,483,615",24.69,5.12,2.55,107
20191121,2330,台積電,"30,163,833","11,638","9,329,845,096",309.5,311,307,311,-,2.5,"12,528,000","23,322,651","-10,794,651",0,0,0,"693,986","42,000","651,986","371,000","317,000","272,000","45,000","467,000","141,000","326,000","-9,771,665",24.49,5.08,2.57,107
20191122,2330,台積電,"26,492,984","9,407","8,188,665,024",310,310.5,308,309,-,2,"13,623,391","22,055,364","-8,431,973",0,0,0,"178,000","355,000","-177,000","585,000","347,000","193,000","154,000","442,000","11,000","431,000","-8,023,973",24.33,5.05,2.59,107
20191125,2330,台積電,"19,855,177","8,067","6,133,713,443",310.5,310.5,307,307,-,2,"11,110,771","14,831,674","-3,720,903",0,0,0,"25,000","71,000","-46,000","-774,000","77,000","814,000","-737,000","57,000","94,000","-37,000","-4,540,903",24.17,5.02,2.61,107
20191126,2330,台積電,"101,916,622","10,321","31,332,308,518",310,310.5,307,307, ,0,"88,415,102","95,183,980","-6,768,878",0,0,0,"122,000","227,000","-105,000","746,000","599,000","288,000","311,000","511,000","76,000","435,000","-6,127,878",24.17,5.02,2.61,107
20191127,2330,台積電,"18,527,648","7,916","5,732,316,828",307.5,311.5,307.5,311,+,4,"13,231,100","12,344,881","886,219",0,0,0,"121,000","123,000","-2,000","750,000","676,000","80,000","596,000","205,000","51,000","154,000","1,634,219",24.49,5.08,2.57,107
20191128,2330,台積電,"19,718,982","9,289","6,111,322,584",310,312,308.5,309.5,-,1.5,"14,641,473","11,156,311","3,485,162",0,0,0,"292,575","80,000","212,575","33,000","147,000","97,000","50,000","298,000","315,000","-17,000","3,730,737",24.37,5.06,2.58,107
20191129,2330,台積電,"32,423,561","15,368","9,922,872,967",309,309.5,305,305,-,4.5,"10,914,000","22,287,047","-11,373,047",0,0,0,"381,000","39,000","342,000","878,000","1,221,000","786,000","435,000","493,000","50,000","443,000","-10,153,047",24.02,4.98,2.62,107
20191202,2330,台積電,"25,516,807","8,465","7,844,458,306",307,308,306.5,307.5,+,2.5,"19,025,791","11,582,576","7,443,215",0,0,0,"294,000","77,000","217,000","-21,000","185,000","326,000","-141,000","155,000","35,000","120,000","7,639,215",24.21,5.02,2.6,107
20191203,2330,台積電,"27,686,319","9,206","8,472,595,177",305,307,305,307,-,0.5,"18,539,876","18,417,341","122,535",0,0,0,"57,000","94,000","-37,000","1,082,000","348,000","33,000","315,000","771,000","4,000","767,000","1,167,535",24.17,5.02,2.61,107
20191204,2330,台積電,"34,911,686","9,989","10,652,239,802",305,306,304,306,-,1,"23,225,400","25,372,646","-2,147,246",0,0,0,"58,000","223,000","-165,000","469,000","459,000","426,000","33,000","460,000","24,000","436,000","-1,843,246",24.09,5,2.61,107
20191205,2330,台積電,"39,349,842","13,587","12,240,671,524",309,312,309,312,+,6,"33,213,072","18,652,546","14,560,526",0,0,0,"157,000","59,000","98,000","-762,000","150,000","247,000","-97,000","64,000","729,000","-665,000","13,896,526",24.57,5.1,2.56,107
20191206,2330,台積電,"18,402,703","8,974","5,771,010,050",315,316,311,313,+,1,"11,211,254","9,528,113","1,683,141",0,0,0,"83,000","142,000","-59,000","-372,000","177,000","245,000","-68,000","46,000","350,000","-304,000","1,252,141",24.65,5.11,2.56,107
20191209,2330,台積電,"23,556,081","10,583","7,433,484,496",314,316.5,314,316,+,3,"14,064,122","14,349,091","-284,969",0,0,0,"259,000","166,000","93,000","659,000","634,000","34,000","600,000","184,000","125,000","59,000","467,031",24.88,5.16,2.53,107
20191210,2330,台積電,"20,847,594","8,702","6,540,475,540",315,315.5,312.5,313.5,-,2.5,"10,843,374","16,392,190","-5,548,816",0,0,0,"269,000","194,000","75,000","264,000","289,000","95,000","194,000","265,000","195,000","70,000","-5,209,816",24.69,5.12,2.55,107
20191211,2330,台積電,"34,329,148","11,689","10,866,410,212",314,319,313,319,+,5.5,"24,480,519","20,646,781","3,833,738",0,0,0,"262,000","43,000","219,000","-871,000","274,000","206,000","68,000","134,000","1,073,000","-939,000","3,181,738",25.12,5.21,2.51,107
20191212,2330,台積電,"52,801,851","22,555","17,446,169,339",325,334.5,324,331.5,+,12.5,"33,315,452","24,174,895","9,140,557",0,0,0,"311,000","156,000","155,000","-906,000","1,313,000","659,000","654,000","259,000","1,819,000","-1,560,000","8,389,557",26.1,5.42,2.41,107
20191213,2330,台積電,"60,843,939","23,025","20,697,194,061",340,343,338,339,+,7.5,"40,487,070","35,130,242","5,356,828",0,0,0,"366,000","327,000","39,000","-1,023,000","778,000","503,000","275,000","179,000","1,477,000","-1,298,000","4,372,828",26.69,5.54,2.36,107
20191216,2330,台積電,"48,340,188","16,938","16,272,523,200",336.5,338.5,336,336,-,3,"28,500,020","42,584,761","-14,084,741",0,0,0,"225,000","243,000","-18,000","1,085,000","371,000","257,000","114,000","974,000","3,000","971,000","-13,017,741",26.46,5.49,2.38,107
20191217,2330,台積電,"41,428,458","16,808","14,153,896,438",335,345,335,345,+,9,"26,860,508","26,288,814","571,694",0,0,0,"276,000","190,000","86,000","323,000","280,000","129,000","151,000","352,000","180,000","172,000","980,694",27.17,5.64,2.32,107
20191218,2330,台積電,"42,486,841","15,836","14,594,689,501",341.5,345,341.5,344.5,-,0.5,"25,024,690","34,377,297","-9,352,607",0,0,0,"543,000","248,000","295,000","274,000","313,000","88,000","225,000","354,000","305,000","49,000","-8,783,607",27.13,5.63,2.32,107
20191219,2330,台積電,"55,667,012","28,105","18,774,880,620",340,342,335,335,X,0,"16,297,285","39,216,391","-22,919,106",0,0,0,"540,000","479,000","61,000","2,149,000","918,000","487,000","431,000","1,952,000","234,000","1,718,000","-20,709,106",26.38,5.47,2.39,107
20191220,2330,台積電,"86,280,459","28,112","28,483,237,354",332,333,328.5,329,-,6,"45,948,377","65,623,704","-19,675,327",0,0,0,"389,000","1,280,000","-891,000","3,114,000","1,654,000","401,000","1,253,000","1,978,000","117,000","1,861,000","-17,452,327",25.91,5.38,2.43,107
20191223,2330,台積電,"26,911,340","12,310","8,923,609,754",329.5,334,329.5,334,+,5,"16,327,367","12,356,402","3,970,965",0,0,0,"380,000","306,000","74,000","378,000","238,000","149,000","89,000","558,000","269,000","289,000","4,422,965",26.3,5.46,2.4,107
20191224,2330,台積電,"13,783,907","7,887","4,591,661,991",334,334.5,332,332,-,2,"6,282,285","7,119,993","-837,708",0,0,0,"82,000","43,000","39,000","-166,000","55,000","150,000","-95,000","144,000","215,000","-71,000","-964,708",26.14,5.42,2.41,107
20191225,2330,台積電,"12,262,954","7,597","4,075,131,136",332,334.5,331,333,+,1,"1,497,015","2,070,000","-572,985",0,0,0,"217,000","22,000","195,000","1,174,000","1,428,000","184,000","1,244,000","149,000","219,000","-70,000","796,015",26.22,5.44,2.4,107
20191226,2330,台積電,"11,427,884","6,439","3,803,665,702",333,334,331.5,333, ,0,"3,443,083","1,683,075","1,760,008",0,0,0,"11,000","355,000","-344,000","-333,000","272,000","393,000","-121,000","43,000","255,000","-212,000","1,083,008",26.22,5.44,2.4,107
20191227,2330,台積電,"16,677,806","8,660","5,624,251,712",335,338,335,338,+,5,"10,344,852","6,311,202","4,033,650",0,0,0,"102,000","26,000","76,000","221,000","279,000","11,000","268,000","113,000","160,000","-47,000","4,330,650",26.61,5.52,2.37,107
20191230,2330,台積電,"21,591,263","10,468","7,270,827,164",338,339,334,334.5,-,3.5,"8,566,000","12,276,541","-3,710,541",0,0,0,"147,000","254,000","-107,000","-129,000","386,000","283,000","103,000","150,000","382,000","-232,000","-3,946,541",26.34,5.47,2.39,107
20191231,2330,台積電,"22,950,517","12,253","7,614,538,961",331,333.5,331,331,-,3.5,"7,430,889","14,404,000","-6,973,111",0,0,0,"103,000","510,000","-407,000","471,000","304,000","97,000","207,000","304,000","40,000","264,000","-6,909,111",26.06,5.41,2.42,107
