Date,證券代號,證券名稱,成交股數,成交筆數,成交金額,開盤價,最高價,最低價,收盤價,漲跌(+/-),漲跌價差,外資買進股數,外資賣出股數,外資買賣超股數,投信買進股數,投信賣出股數,投信買賣超股數,自營商買賣超股數,自營商買進股數,自營商賣出股數,三大法人買賣超股數,自營商買進股數(自行買賣),自營商賣出股數(自行買賣),自營商買賣超股數(自行買賣),自營商買進股數(避險),自營商賣出股數(避險),自營商買賣超股數(避險),本益比,股價淨值比,殖利率
20160104,2330,台積電,"43,800,291","14,188","6,137,797,502",142.5,143.5,139,139.5,-,3.5,"17,380,120","37,919,486","-20,539,366","959,000","553,000","406,000","1,657,000",,,"-18,476,366","1,231,000","276,000","955,000","877,000","175,000","702,000",11.53,3.14,3.23
20160105,2330,台積電,"46,502,108","15,836","6,436,850,512",139,140,137,138,-,1.5,"19,885,677","25,850,410","-5,964,733","118,000","438,000","-320,000","1,082,000",,,"-5,202,733","985,000","421,000","564,000","804,000","286,000","518,000",11.4,3.11,3.26
20160106,2330,台積電,"53,873,344","15,926","7,321,139,064",138,138,135,135.5,-,2.5,"20,734,555","36,825,835","-16,091,280","52,000","607,000","-555,000","43,000",,,"-16,603,280","716,000","580,000","136,000","269,000","362,000","-93,000",11.2,3.05,3.32
20160107,2330,台積電,"63,475,065","19,061","8,432,791,819",134.5,135,130.5,133,-,2.5,"25,788,517","43,744,530","-17,956,013","5,000","851,284","-846,284","2,059,000",,,"-16,743,297","2,446,000","588,000","1,858,000","1,457,000","1,256,000","201,000",10.99,3,3.38
20160108,2330,台積電,"52,641,383","11,784","7,022,206,705",132,135,132,134,+,1,"40,046,801","41,026,810","-980,009","139,000","258,000","-119,000","-198,000",,,"-1,297,009","538,000","759,000","-221,000","1,514,000","1,491,000","23,000",11.07,3.02,3.36
20160111,2330,台積電,"48,536,267","10,980","6,430,758,978",133,134.5,130.5,133,-,1,"35,535,653","38,794,100","-3,258,447","109,000","327,000","-218,000","-1,519,000",,,"-4,995,447","777,000","1,905,000","-1,128,000","822,000","1,213,000","-391,000",10.99,3,3.38
20160112,2330,台積電,"35,133,164","9,492","4,657,051,312",133,134,131.5,133, ,0,"20,320,000","27,791,305","-7,471,305","56,000","9,000","47,000","-390,000",,,"-7,814,305","1,138,000","818,000","320,000","494,000","1,204,000","-710,000",10.99,3,3.38
20160113,2330,台積電,"50,237,061","9,488","6,719,817,674",133.5,135.5,133,133.5,+,0.5,"41,387,908","34,786,132","6,601,776","94,000","531,000","-437,000","-1,831,000",,,"4,333,776","365,000","756,000","-391,000","267,000","1,707,000","-1,440,000",11.03,3.01,3.37
20160114,2330,台積電,"39,498,490","14,501","5,177,864,180",130.5,132,130.5,131.5,-,2,"21,530,485","25,666,361","-4,135,876",0,"200,000","-200,000","-778,000",,,"-5,113,876","910,000","831,000","79,000","233,000","1,090,000","-857,000",10.87,2.96,3.42
20160115,2330,台積電,"79,648,971","20,280","10,911,032,870",137.5,138,135.5,137,+,5.5,"61,989,516","37,200,259","24,789,257","2,162,000","365,000","1,797,000","-1,612,000",,,"24,974,257","2,057,000","1,523,000","534,000","119,000","2,265,000","-2,146,000",11.32,3.09,3.28
20160118,2330,台積電,"37,008,681","11,947","5,054,777,797",135,138,134.5,137, ,0,"27,082,522","27,259,352","-176,830","2,162,000","194,000","1,968,000","930,000",,,"2,721,170","365,000","108,000","257,000","904,000","231,000","673,000",11.32,3.09,3.28
20160119,2330,台積電,"24,995,537","8,146","3,422,485,906",137.5,138,136,138,+,1,"16,008,886","15,625,712","383,174","319,000","190,000","129,000","258,000",,,"770,174","300,000","11,000","289,000","829,000","860,000","-31,000",11.4,3.11,3.26
20160120,2330,台積電,"44,423,192","13,799","6,000,662,670",137.5,137.5,133.5,134.5,-,3.5,"28,751,564","32,804,538","-4,052,974","525,000","350,000","175,000","-912,000",,,"-4,789,974","1,095,000","786,000","309,000","1,141,000","2,362,000","-1,221,000",11.12,3.03,3.35
20160121,2330,台積電,"31,957,378","9,956","4,320,114,707",134,136.5,134,135,+,0.5,"24,203,859","23,722,401","481,458","318,000","292,000","26,000","-1,554,000",,,"-1,046,542","655,000","647,000","8,000","558,000","2,120,000","-1,562,000",11.16,3.04,3.33
20160122,2330,台積電,"33,926,219","12,684","4,657,789,586",136.5,138.5,136,138.5,+,3.5,"28,518,000","17,966,718","10,551,282","307,000",0,"307,000","-1,709,000",,,"9,149,282","245,000","1,269,000","-1,024,000","359,000","1,044,000","-685,000",11.45,3.12,3.25
20160125,2330,台積電,"27,213,347","9,105","3,800,915,858",140,140,139,139.5,+,1,"22,272,334","15,120,411","7,151,923","93,000","707,000","-614,000","224,160",,,"6,762,083","108,000","306,000","-198,000","796,000","373,840","422,160",11.53,3.14,3.23
20160126,2330,台積電,"24,102,538","6,584","3,325,848,455",137.5,139,137,137.5,-,2,"16,131,853","18,724,770","-2,592,917","741,000",0,"741,000","269,627",,,"-1,582,290","214,000","153,000","61,000","658,000","449,373","208,627",11.36,3.1,3.27
20160127,2330,台積電,"24,547,614","8,368","3,417,457,021",139,139.5,138.5,139.5,+,2,"20,707,551","16,477,972","4,229,579","257,000","50,000","207,000","-1,240,000",,,"3,196,579","14,000","188,000","-174,000","52,000","1,118,000","-1,066,000",11.53,3.14,3.23
20160128,2330,台積電,"37,913,413","9,746","5,281,967,085",138,140.5,138,140,+,0.5,"30,654,000","19,920,646","10,733,354","410,000","918,000","-508,000","428,151",,,"10,653,505","229,000","74,000","155,000","1,541,151","1,268,000","273,151",11.57,3.15,3.21
20160129,2330,台積電,"57,557,576","14,517","8,136,870,712",138.5,143,138,143,+,3,"51,040,805","31,185,040","19,855,765","51,000","327,000","-276,000","596,004",,,"20,175,769","395,000","257,000","138,000","1,365,004","907,000","458,004",11.82,3.22,3.15
20160130,2330,台積電,"11,865,065","6,143","1,683,794,730",142.5,143,141,142,-,1,"4,913,000","679,000","4,234,000","215,000","182,000","33,000","1,438,000",,,"5,705,000","272,000","108,000","164,000","1,282,000","8,000","1,274,000",11.74,3.2,3.17
20160201,2330,台積電,"43,828,461","12,189","6,278,170,924",144,144,141.5,144,+,2,"40,191,053","12,998,258","27,192,795","29,000",0,"29,000","-768,000",,,"26,453,795","112,000","591,000","-479,000","655,000","944,000","-289,000",11.9,3.24,3.13
20160202,2330,台積電,"25,400,755","7,725","3,624,574,210",144,144.5,141.5,142.5,-,1.5,"19,342,438","16,905,709","2,436,729","37,000","1,000","36,000","1,185,058",,,"3,657,787","104,000","20,000","84,000","1,774,058","673,000","1,101,058",11.78,3.21,3.16
20160203,2330,台積電,"71,652,894","18,892","10,413,868,630",145,146,144.5,146,+,3.5,"64,246,323","30,797,644","33,448,679","30,000","17,000","13,000","-1,411,000",,,"32,050,679","22,000","287,000","-265,000","379,000","1,525,000","-1,146,000",12.07,3.29,4.11
20160215,2330,台積電,"77,064,578","21,814","11,147,911,270",142,146.5,142,145,-,1,"62,699,214","61,724,560","974,654","134,000","15,560","118,440","448,000",,,"1,541,094","519,000","366,000","153,000","1,385,000","1,090,000","295,000",12.27,3.08,4.14
20160216,2330,台積電,"56,361,967","17,135","8,269,447,009",146,148,145.5,147.5,+,2.5,"47,880,409","30,875,527","17,004,882","20,000","212,000","-192,000","616,500",,,"17,429,382","290,000","274,000","16,000","1,224,500","624,000","600,500",12.48,3.13,4.07
20160217,2330,台積電,"38,486,773","13,872","5,700,550,482",149,149,147,148,+,0.5,"30,486,127","16,405,117","14,081,010","87,000","93,000","-6,000","1,802,500",,,"15,877,510","69,000","898,000","-829,000","3,297,500","666,000","2,631,500",12.52,3.14,4.05
20160218,2330,台積電,"61,877,408","22,057","9,304,766,800",150,151,149.5,151,+,3,"54,796,244","19,365,226","35,431,018","120,000","34,000","86,000","-595,000",,,"34,922,018",0,"259,000","-259,000","514,000","850,000","-336,000",12.77,3.21,3.97
20160219,2330,台積電,"37,444,703","10,981","5,618,619,050",149,151,149,151, ,0,"32,997,886","22,250,130","10,747,756","71,000","92,000","-21,000","841,000",,,"11,567,756","213,000","35,000","178,000","985,000","322,000","663,000",12.77,3.21,3.97
20160222,2330,台積電,"29,751,439","9,155","4,489,653,531",149.5,152.5,149.5,151, ,0,"24,721,000","10,019,603","14,701,397","45,000","60,000","-15,000","-280,000",,,"14,406,397","46,000","1,062,000","-1,016,000","1,310,000","574,000","736,000",12.77,3.21,3.97
20160223,2330,台積電,"22,500,491","8,897","3,365,510,724",150.5,151,149,149.5,-,1.5,"15,344,966","13,550,638","1,794,328","66,000","126,000","-60,000","462,000",,,"2,196,328","16,000","127,000","-111,000","669,000","96,000","573,000",12.65,3.17,4.01
20160224,2330,台積電,"22,082,824","7,979","3,279,735,952",149.5,150.5,147,148,-,1.5,"15,040,456","13,886,075","1,154,381",0,"96,000","-96,000","83,000",,,"1,141,381","220,000","291,000","-71,000","524,000","370,000","154,000",12.52,3.14,4.05
20160225,2330,台積電,"25,233,069","11,234","3,783,097,850",149,151,148.5,150.5,+,2.5,"23,302,824","8,709,617","14,593,207","54,000","25,000","29,000","-644,000",,,"13,978,207","54,000","50,000","4,000","396,000","1,044,000","-648,000",12.73,3.19,3.99
20160226,2330,台積電,"46,425,984","9,939","6,913,777,396",151,151.5,148,149,-,1.5,"35,157,000","29,642,676","5,514,324","207,000","605,000","-398,000","2,541,000",,,"7,657,324","1,490,000",0,"1,490,000","1,156,000","105,000","1,051,000",12.61,3.16,4.03
20160301,2330,台積電,"44,046,047","12,003","6,637,110,793",148.5,152,148.5,152,+,3,"37,320,874","28,884,621","8,436,253","316,000","155,000","161,000","-320,000",,,"8,277,253","40,000","14,000","26,000","162,000","508,000","-346,000",12.86,3.23,3.95
20160302,2330,台積電,"36,101,650","11,075","5,548,587,572",154,154.5,153,153,+,1,"28,723,421","14,352,634","14,370,787","858,000","69,000","789,000","7,000",,,"15,166,787","212,000","75,000","137,000","161,000","291,000","-130,000",12.94,3.25,3.92
20160303,2330,台積電,"28,867,121","10,112","4,438,187,013",154,154.5,153,154,+,1,"26,475,700","10,117,098","16,358,602",0,"64,000","-64,000","-1,118,000",,,"15,176,602","32,000","300,000","-268,000","45,000","895,000","-850,000",13.03,3.27,3.9
20160304,2330,台積電,"37,794,356","10,724","5,763,190,355",153,153.5,151.5,152.5,-,1.5,"28,781,473","29,045,767","-264,294",0,"401,000","-401,000","1,405,000",,,"739,706","210,000","210,000",0,"1,624,000","219,000","1,405,000",12.9,3.24,3.93
20160307,2330,台積電,"24,052,580","7,324","3,655,841,160",152.5,153.5,151,152,-,0.5,"19,263,501","19,286,165","-22,664","296,000","202,000","94,000","141,000",,,"212,336","69,000","204,000","-135,000","498,000","222,000","276,000",12.86,3.23,3.95
20160308,2330,台積電,"40,643,284","13,764","6,126,859,884",151,152,149.5,152, ,0,"32,456,008","25,931,608","6,524,400","99,000","240,000","-141,000","889,000",,,"7,272,400","457,000","230,000","227,000","902,000","240,000","662,000",12.86,3.23,3.95
20160309,2330,台積電,"24,634,641","9,423","3,739,057,432",152,153,150.5,153,+,1,"22,674,673","10,467,734","12,206,939","6,000","375,000","-369,000","-625,000",,,"11,212,939","68,000","191,000","-123,000","359,000","861,000","-502,000",12.94,3.25,3.92
20160310,2330,台積電,"31,343,947","10,930","4,806,652,328",153,154.5,151.5,154.5,+,1.5,"28,878,000","14,777,460","14,100,540","316,000","303,000","13,000","-1,327,000",,,"12,786,540","45,000","557,000","-512,000","177,000","992,000","-815,000",13.07,3.28,3.88
20160311,2330,台積電,"31,297,178","11,727","4,837,597,155",154.5,155,153,155,+,0.5,"28,609,809","13,517,925","15,091,884","238,000","69,000","169,000","-424,652",,,"14,836,232","157,000","331,000","-174,000","274,000","524,652","-250,652",13.11,3.29,3.87
20160314,2330,台積電,"32,987,563","11,927","5,161,781,768",156.5,157.5,155.5,156,+,1,"25,996,500","7,425,708","18,570,792","12,000","387,000","-375,000","100,000",,,"18,295,792","315,000","140,000","175,000","569,000","644,000","-75,000",13.2,3.31,3.85
20160315,2330,台積電,"29,437,607","12,260","4,559,507,978",155,156.5,153,154.5,-,1.5,"22,319,182","15,151,714","7,167,468","20,000","406,000","-386,000","440,000",,,"7,221,468","159,000","663,000","-504,000","1,166,000","222,000","944,000",13.07,3.28,3.88
20160316,2330,台積電,"31,126,817","9,853","4,833,620,497",155.5,156,154,156,+,1.5,"27,655,000","13,982,942","13,672,058","50,000","236,000","-186,000","285,000",,,"13,771,058","283,000","328,000","-45,000","731,000","401,000","330,000",13.2,3.31,3.85
20160317,2330,台積電,"52,228,954","14,989","8,305,206,845",159.5,160,157.5,158.5,+,2.5,"47,350,200","16,559,630","30,790,570",0,"380,000","-380,000","-2,228,000",,,"28,182,570","121,000","1,917,000","-1,796,000","467,000","899,000","-432,000",13.41,3.36,3.79
20160318,2330,台積電,"57,866,711","12,106","9,212,470,709",158.5,159.5,158.5,159.5,+,1,"54,811,811","28,581,118","26,230,693","255,000","369,000","-114,000","-539,000",,,"25,577,693","23,000","161,000","-138,000","82,000","483,000","-401,000",13.49,3.39,3.76
20160321,2330,台積電,"27,687,094","9,380","4,409,309,006",160,160,158,160,+,0.5,"24,319,770","11,718,217","12,601,553","5,000","261,000","-256,000","313,000",,,"12,658,553",0,"55,000","-55,000","519,000","151,000","368,000",13.54,3.4,3.75
20160322,2330,台積電,"29,303,958","11,945","4,629,935,904",159.5,159.5,157,158.5,-,1.5,"22,180,313","17,766,609","4,413,704",0,"93,000","-93,000","770,000",,,"5,090,704","764,000","187,000","577,000","571,000","378,000","193,000",13.41,3.36,3.79
20160323,2330,台積電,"29,439,666","8,670","4,683,223,247",158.5,159.5,158,159.5,+,1,"28,104,285","17,220,283","10,884,002",0,"369,000","-369,000","-907,000",,,"9,608,002","30,000","54,000","-24,000","25,000","908,000","-883,000",13.49,3.39,3.76
20160324,2330,台積電,"25,198,949","8,841","3,975,166,192",158,159,157,158.5,-,1,"18,573,027","13,070,900","5,502,127","36,000","634,000","-598,000","986,000",,,"5,890,127","178,000","410,000","-232,000","1,399,000","181,000","1,218,000",13.41,3.36,3.79
20160325,2330,台積電,"10,970,033","5,593","1,727,600,287",158.5,159,157,158,-,0.5,"4,722,000","3,271,400","1,450,600",0,"371,000","-371,000","449,000",,,"1,528,600","61,000","10,000","51,000","654,000","256,000","398,000",13.37,3.35,3.8
20160328,2330,台積電,"15,857,144","6,212","2,513,686,562",158,159,157,159,+,1,"12,433,800","4,609,992","7,823,808","9,000","624,000","-615,000","-690,000",,,"6,518,808","96,000","20,000","76,000","51,000","817,000","-766,000",13.45,3.38,3.77
20160329,2330,台積電,"19,152,246","7,098","3,039,163,868",158.5,159.5,158,159, ,0,"14,197,000","8,619,625","5,577,375","120,000","687,000","-567,000","-1,489,000",,,"3,521,375",0,"1,037,000","-1,037,000","141,000","593,000","-452,000",13.45,3.38,3.77
20160330,2330,台積電,"46,113,332","14,484","7,394,950,933",158.5,162,158.5,161.5,+,2.5,"35,832,900","21,020,482","14,812,418","664,000","449,000","215,000","211,000",,,"15,238,418","380,000","68,000","312,000","757,000","858,000","-101,000",13.66,3.43,3.72
20160331,2330,台積電,"54,094,182","14,511","8,719,278,002",162,163,159,162,+,0.5,"41,492,403","33,505,495","7,986,908","694,000","67,000","627,000","596,000",,,"9,209,908","1,019,000","482,000","537,000","1,684,000","1,625,000","59,000",13.71,3.44,3.7
20160401,2330,台積電,"34,544,879","10,001","5,490,320,944",161,161,157.5,158.5,-,3.5,"19,877,400","25,597,956","-5,720,556","219,000","196,000","23,000","1,494,615",,,"-4,202,941","230,000","178,000","52,000","1,762,615","320,000","1,442,615",13.41,3.36,3.79
20160406,2330,台積電,"63,133,315","19,206","9,740,564,255",155.5,156,153.5,153.5,-,5,"37,550,532","52,901,435","-15,350,903","67,000","244,000","-177,000","3,732,385",,,"-11,795,518","2,767,000","42,000","2,725,000","1,123,000","115,615","1,007,385",12.99,3.26,3.91
20160407,2330,台積電,"35,933,073","10,086","5,527,003,723",155,155,152.5,154.5,+,1,"20,230,763","24,427,006","-4,196,243","86,000","272,000","-186,000","-2,289,000",,,"-6,671,243","339,000","1,582,000","-1,243,000","299,000","1,345,000","-1,046,000",13.07,3.28,3.88
20160408,2330,台積電,"42,324,696","12,800","6,638,324,522",154,158,154,157.5,+,3,"24,520,357","24,994,153","-473,796","41,000","354,000","-313,000","-2,464,000",,,"-3,250,796","188,000","772,000","-584,000","91,000","1,971,000","-1,880,000",13.32,3.34,3.81
20160411,2330,台積電,"23,189,461","6,917","3,653,174,233",156,159,155.5,158.5,+,1,"10,481,540","14,826,460","-4,344,920",0,"258,000","-258,000","-279,000",,,"-4,881,920","282,000","716,000","-434,000","451,000","296,000","155,000",13.41,3.36,3.79
20160412,2330,台積電,"14,877,049","4,707","2,355,629,198",157.5,159.5,157.5,158.5, ,0,"8,169,000","10,349,730","-2,180,730","163,000","5,000","158,000","-122,000",,,"-2,144,730","123,000","528,000","-405,000","474,000","191,000","283,000",13.41,3.36,3.79
20160413,2330,台積電,"40,333,113","12,488","6,494,549,624",160,162,159.5,161.5,+,3,"35,651,965","13,007,237","22,644,728","54,000","521,000","-467,000","-874,000",,,"21,303,728","392,000","595,000","-203,000","461,000","1,132,000","-671,000",13.66,3.43,3.72
20160414,2330,台積電,"31,377,056","10,380","5,048,472,016",162,162.5,160,161.5, ,0,"23,668,000","16,530,644","7,137,356","50,000","191,000","-141,000","1,876,000",,,"8,872,356","170,000","93,000","77,000","2,104,000","305,000","1,799,000",13.66,3.43,3.72
20160415,2330,台積電,"50,339,512","17,202","7,971,481,408",157,160,156,159.5,-,2,"29,775,765","33,341,602","-3,565,837","20,000","1,082,260","-1,062,260","126,000",,,"-4,502,097","857,000","472,000","385,000","724,000","983,000","-259,000",13.49,3.39,3.76
20160418,2330,台積電,"20,876,425","7,888","3,294,127,620",158,158.5,157.5,158,-,1.5,"12,035,763","17,226,255","-5,190,492","39,000","346,740","-307,740","274,000",,,"-5,224,232","43,000","665,000","-622,000","955,000","59,000","896,000",13.37,3.35,3.8
20160419,2330,台積電,"27,622,018","9,884","4,378,113,806",160,161,157,157.5,-,0.5,"14,285,345","18,852,495","-4,567,150","118,000","275,000","-157,000","27,000",,,"-4,697,150","393,000","471,000","-78,000","1,206,000","1,101,000","105,000",13.32,3.34,3.81
20160420,2330,台積電,"43,418,112","16,130","6,743,768,418",157.5,158,154,154,-,3.5,"21,775,950","32,411,531","-10,635,581","84,000","708,000","-624,000","421,999",,,"-10,837,582","373,000","410,000","-37,000","1,134,000","675,001","458,999",13.03,3.27,3.9
20160421,2330,台積電,"30,419,233","11,654","4,748,320,930",156,157,154,157,+,3,"24,344,548","13,177,684","11,166,864","125,000","298,000","-173,000","-1,184,000",,,"9,809,864","50,000","245,000","-195,000","207,000","1,196,000","-989,000",13.28,3.33,3.82
20160422,2330,台積電,"29,237,052","6,485","4,585,332,483",155.5,158,155,156.5,-,0.5,"25,069,020","17,596,365","7,472,655","16,000","102,000","-86,000","-2,240,749",,,"5,145,906","55,000","259,000","-204,000","300,000","2,336,749","-2,036,749",13.24,3.32,3.83
20160425,2330,台積電,"14,669,483","5,007","2,304,985,871",156.5,157.5,156,157.5,+,1,"11,925,989","9,734,929","2,191,060","4,000","261,000","-257,000","59,000",,,"1,993,060","60,000","223,000","-163,000","423,000","201,000","222,000",13.32,3.34,3.81
20160426,2330,台積電,"18,539,344","5,208","2,921,600,608",156.5,158.5,156.5,158,+,0.5,"16,169,923","14,880,741","1,289,182","158,000","143,000","15,000","363,000",,,"1,667,182","44,000","77,000","-33,000","474,000","78,000","396,000",13.37,3.35,3.8
20160427,2330,台積電,"36,967,022","6,783","5,787,771,232",156,157.5,155.5,156.5,-,1.5,"28,004,068","34,663,138","-6,659,070","255,000","41,000","214,000","2,868,000",,,"-3,577,070","1,449,000","168,000","1,281,000","1,674,000","87,000","1,587,000",13.24,3.32,3.83
20160428,2330,台積電,"49,282,820","15,032","7,596,743,626",157.5,158,153,153,-,3.5,"25,386,476","41,684,100","-16,297,624","18,000","291,000","-273,000","1,452,000",,,"-15,118,624","807,000","760,000","47,000","2,145,000","740,000","1,405,000",12.94,3.25,3.92
20160429,2330,台積電,"75,959,754","18,838","11,394,504,924",151,151,149,150,-,3,"37,765,618","66,262,467","-28,496,849",0,"1,187,000","-1,187,000","2,040,000",,,"-27,643,849","1,379,000","111,000","1,268,000","1,120,000","348,000","772,000",12.69,3.18,4
20160503,2330,台積電,"68,909,160","21,279","10,159,653,180",148,148.5,146.5,147.5,-,2.5,"16,652,487","63,959,515","-47,307,028","7,000","380,000","-373,000","2,474,000",,,"-45,206,028","2,046,000","206,000","1,840,000","989,000","355,000","634,000",12.48,3.13,4.07
20160504,2330,台積電,"55,586,383","13,521","8,191,113,993",147,149,146.5,147,-,0.5,"23,512,540","50,354,331","-26,841,791","10,000","165,000","-155,000","1,010,000",,,"-25,986,791","1,045,000","37,000","1,008,000","404,000","402,000","2,000",12.44,3.12,4.08
20160505,2330,台積電,"40,687,466","9,466","5,994,815,468",147.5,148.5,146,147.5,+,0.5,"23,891,785","37,758,202","-13,866,417","127,000","53,000","74,000","1,451,000",,,"-12,341,417","1,437,000","98,000","1,339,000","307,000","195,000","112,000",12.48,3.13,4.07
20160506,2330,台積電,"39,401,142","8,372","5,824,459,658",148.5,148.5,147,148,+,0.5,"30,192,917","36,329,176","-6,136,259","11,000","19,000","-8,000","123,000",,,"-6,021,259","270,000","202,000","68,000","337,000","282,000","55,000",12.52,3.14,4.05
20160509,2330,台積電,"39,783,802","12,836","5,865,540,512",148.5,149,146.5,147.5,-,0.5,"24,509,300","34,812,293","-10,302,993","145,000",0,"145,000","-905,000",,,"-11,062,993","61,000","1,018,000","-957,000","258,000","206,000","52,000",12.48,3.13,4.07
20160510,2330,台積電,"39,210,189","8,956","5,773,106,349",147,148,146.5,147,-,0.5,"27,595,804","36,472,619","-8,876,815","124,107",0,"124,107","444,000",,,"-8,308,708","692,000","708,000","-16,000","570,000","110,000","460,000",12.44,3.12,4.08
20160511,2330,台積電,"45,610,564","11,477","6,728,618,767",148.5,149,146.5,147, ,0,"23,622,636","40,207,253","-16,584,617","461,938","40,000","421,938","-156,000",,,"-16,318,679","688,000","493,000","195,000","355,000","706,000","-351,000",13.04,2.98,4.08
20160512,2330,台積電,"24,008,945","7,183","3,525,768,415",147,148,146,146,-,1,"12,719,000","19,946,830","-7,227,830","54,000","200,000","-146,000","-712,000",,,"-8,085,830","81,000","573,000","-492,000","180,000","400,000","-220,000",12.95,2.96,4.11
20160513,2330,台積電,"60,713,306","19,508","8,748,587,885",145,145.5,143,144,-,2,"21,174,000","54,670,407","-33,496,407","329,000","9,000","320,000","934,000",,,"-32,242,407","1,306,000","328,000","978,000","384,000","428,000","-44,000",12.78,2.92,4.17
20160516,2330,台積電,"32,239,094","9,667","4,658,963,140",143,145.5,143,144.5,+,0.5,"16,222,000","25,969,619","-9,747,619","616,000","67,000","549,000","-77,000",,,"-9,275,619","595,000","244,000","351,000","66,000","494,000","-428,000",12.82,2.93,4.15
20160517,2330,台積電,"32,716,713","8,501","4,782,396,061",145.5,147,145,147,+,2.5,"18,839,000","26,699,348","-7,860,348","610,000","50,000","560,000","-13,000",,,"-7,313,348","883,000","391,000","492,000","161,000","666,000","-505,000",13.04,2.98,4.08
20160518,2330,台積電,"31,106,657","9,452","4,552,181,579",146,147,145,147, ,0,"20,789,723","26,726,267","-5,936,544","100,000","27,000","73,000","440,000",,,"-5,423,544","1,069,000","348,000","721,000","212,000","493,000","-281,000",13.04,2.98,4.08
20160519,2330,台積電,"35,192,869","8,803","5,165,152,743",148,148.5,145.5,147, ,0,"23,100,500","30,080,147","-6,979,647","321,000","44,000","277,000","-1,132,000",,,"-7,834,647","263,000","512,000","-249,000","84,000","967,000","-883,000",13.04,2.98,4.08
20160520,2330,台積電,"38,046,045","9,513","5,647,033,644",147.5,149.5,147,148.5,+,1.5,"30,213,084","24,041,335","6,171,749","351,000","68,000","283,000","-3,769,000",,,"2,685,749","564,000","2,759,000","-2,195,000","7,000","1,581,000","-1,574,000",13.18,3.01,4.04
20160523,2330,台積電,"50,174,359","16,914","7,660,606,060",150.5,154.5,149.5,154,+,5.5,"37,929,199","24,540,718","13,388,481","2,867,000","12,000","2,855,000","48,000",,,"16,291,481","909,000","805,000","104,000","168,000","224,000","-56,000",13.66,3.12,3.9
20160524,2330,台積電,"25,677,620","8,713","3,904,883,920",152.5,153.5,151,151,-,3,"14,396,247","19,903,515","-5,507,268","86,000","358,000","-272,000","781,000",,,"-4,998,268","392,000","56,000","336,000","586,000","141,000","445,000",13.4,3.06,3.97
20160525,2330,台積電,"35,410,557","10,548","5,441,691,960",153.5,155,152.5,154.5,+,3.5,"32,483,997","20,121,100","12,362,897","681,000","71,000","610,000","-1,023,000",,,"11,949,897","86,000","770,000","-684,000","97,000","436,000","-339,000",13.71,3.13,3.88
20160526,2330,台積電,"18,822,152","8,493","2,908,894,278",154.5,155,153.5,155,+,0.5,"17,094,000","13,006,800","4,087,200","158,000","33,000","125,000","-313,000",,,"3,899,200","4,000","158,000","-154,000","76,000","235,000","-159,000",13.75,3.14,3.87
20160527,2330,台積電,"26,617,621","7,672","4,146,288,768",156,156.5,154.5,156.5,+,1.5,"23,274,300","17,518,735","5,755,565","331,000",0,"331,000","-243,000",,,"5,843,565","130,000","170,000","-40,000","291,000","494,000","-203,000",13.89,3.17,3.83
20160530,2330,台積電,"38,311,828","11,762","6,001,068,751",157,158,155,157,+,0.5,"33,433,000","14,788,341","18,644,659",0,"87,000","-87,000","353,000",,,"18,910,659","588,000","481,000","107,000","565,000","319,000","246,000",13.93,3.18,3.82
20160531,2330,台積電,"70,177,201","11,056","10,968,771,725",156.5,157.5,155,156.5,-,0.5,"63,495,525","54,960,929","8,534,596","123,000","177,985","-54,985","-27,000",,,"8,452,611","298,000","864,000","-566,000","1,145,000","606,000","539,000",13.89,3.17,3.83
20160601,2330,台積電,"27,743,096","9,500","4,386,766,007",156,159,156,159,+,2.5,"25,491,427","12,479,399","13,012,028","18,000","63,000","-45,000","-620,000",,,"12,347,028","140,000","450,000","-310,000","194,000","504,000","-310,000",14.11,3.22,3.77
20160602,2330,台積電,"21,999,904","7,933","3,500,288,755",159,160,158,159, ,0,"20,064,416","13,207,744","6,856,672","90,000","130,000","-40,000","-447,000",,,"6,369,672","74,000","270,000","-196,000","150,000","401,000","-251,000",14.11,3.22,3.77
20160603,2330,台積電,"32,020,341","10,969","5,124,469,706",159,160.5,159,160.5,+,1.5,"29,889,000","12,909,821","16,979,179","78,000","249,000","-171,000","-289,000",,,"16,519,179","80,000","291,000","-211,000","66,000","144,000","-78,000",14.24,3.25,3.74
20160604,2330,台積電,"2,631,269","1,428","420,392,883",160,160,159.5,160,-,0.5,"820,300","68,000","752,300","189,000","897,000","-708,000","646,000",,,"690,300","44,000",0,"44,000","605,000","3,000","602,000",14.2,3.24,3.75
20160606,2330,台積電,"28,898,951","8,667","4,651,663,660",161,162,160,161,+,1,"25,582,500","14,280,829","11,301,671","195,000","300,000","-105,000","72,000",,,"11,268,671","200,000","47,000","153,000","614,000","695,000","-81,000",14.29,3.26,3.73
20160607,2330,台積電,"47,573,770","12,269","7,726,094,806",161.5,163.5,161,162,+,1,"42,228,155","24,398,499","17,829,656","168,000","149,534","18,466","536,000",,,"18,384,122","716,000","55,000","661,000","446,000","571,000","-125,000",14.37,3.28,3.7
20160608,2330,台積電,"45,587,946","15,173","7,522,713,617",164,166,163.5,165.5,+,3.5,"38,003,430","18,869,025","19,134,405","171,000","288,000","-117,000","-54,000",,,"18,963,405","573,000","295,000","278,000","285,000","617,000","-332,000",14.69,3.35,3.63
20160613,2330,台積電,"54,689,228","14,466","8,843,806,836",161,162.5,161,162,-,3.5,"40,653,262","49,534,120","-8,880,858","59,000","485,000","-426,000","1,842,000",,,"-7,464,858","1,028,000","287,000","741,000","1,241,000","140,000","1,101,000",14.37,3.28,3.7
20160614,2330,台積電,"27,823,266","10,951","4,508,801,432",161,163,161,162, ,0,"20,536,962","16,903,800","3,633,162","37,000","490,000","-453,000","1,950,000",,,"5,130,162","1,489,000","232,000","1,257,000","1,023,000","330,000","693,000",14.37,3.28,3.7
20160615,2330,台積電,"29,328,888","9,142","4,763,332,856",162,163,161,163,+,1,"23,694,422","18,542,311","5,152,111","25,000","11,000","14,000","1,996,000",,,"7,162,111","1,383,000","37,000","1,346,000","1,277,000","627,000","650,000",14.46,3.3,3.68
20160616,2330,台積電,"36,957,340","7,324","5,942,664,024",161.5,162.5,159.5,160.5,-,2.5,"22,402,608","33,055,951","-10,653,343",0,"258,000","-258,000","1,960,000",,,"-8,951,343","2,066,000","245,000","1,821,000","691,000","552,000","139,000",14.24,3.25,3.74
20160617,2330,台積電,"31,326,264","9,885","5,117,145,004",162.5,164.5,162,163,+,2.5,"27,269,959","19,594,378","7,675,581","3,000","311,552","-308,552","-306,250",,,"7,060,779","1,120,000","433,000","687,000","610,000","1,603,250","-993,250",14.46,3.3,3.68
20160620,2330,台積電,"24,949,407","8,639","4,090,155,341",164.5,165,163,163, ,0,"16,588,000","16,953,788","-365,788","124,000","49,000","75,000","2,249,240",,,"1,958,452","2,014,000","36,000","1,978,000","946,240","675,000","271,240",14.46,3.3,3.68
20160621,2330,台積電,"28,042,486","10,369","4,621,986,401",164,165.5,163.5,165.5,+,2.5,"22,304,264","10,639,240","11,665,024","5,000","14,000","-9,000","555,000",,,"12,211,024","1,392,000","320,000","1,072,000","767,000","1,284,000","-517,000",14.69,3.35,3.63
20160622,2330,台積電,"30,409,069","8,180","5,013,175,385",164.5,166,163.5,166,+,0.5,"23,227,081","18,900,658","4,326,423","45,000","50,000","-5,000","2,583,000",,,"6,904,423","1,902,000","284,000","1,618,000","2,141,000","1,176,000","965,000",14.73,3.36,3.61
20160623,2330,台積電,"22,592,551","8,298","3,715,357,864",165.5,166,164,164,-,2,"14,661,844","12,834,634","1,827,210","25,000","40,000","-15,000","2,898,000",,,"4,710,210","2,423,000","31,000","2,392,000","1,065,000","559,000","506,000",14.55,3.32,3.66
20160624,2330,台積電,"86,994,060","27,192","13,854,488,100",164,164,154.5,159,-,5,"25,966,394","65,301,916","-39,335,522","60,000","740,000","-680,000","9,460,000",,,"-30,555,522","7,535,000","1,059,000","6,476,000","3,878,000","894,000","2,984,000",14.11,3.22,3.77
20160627,2330,台積電,"43,401,750","17,925","6,739,714,431",154.5,156,154,155.5,X,0,"22,744,968","16,441,103","6,303,865","645,000","170,000","475,000","-5,051,000",,,"1,727,865","315,000","2,276,000","-1,961,000","204,000","3,294,000","-3,090,000",13.8,3.15,3.86
20160628,2330,台積電,"39,095,886","12,685","6,111,752,511",155.5,157.5,155,157,+,1.5,"27,700,980","14,021,531","13,679,449","346,000","124,000","222,000","-1,615,000",,,"12,286,449","39,000","961,000","-922,000","252,000","945,000","-693,000",13.93,3.18,3.82
20160629,2330,台積電,"32,131,574","12,754","5,108,302,566",158.5,160,158,159,+,2,"24,805,803","9,817,128","14,988,675","196,000","146,000","50,000","-1,454,000",,,"13,584,675","117,000","916,000","-799,000","29,000","684,000","-655,000",14.11,3.22,3.77
20160630,2330,台積電,"42,854,433","14,833","6,916,567,646",161,163,159.5,162.5,+,3.5,"38,911,000","13,716,140","25,194,860","100,000","126,000","-26,000","-2,767,000",,,"22,401,860","50,000","2,097,000","-2,047,000","243,000","963,000","-720,000",14.42,3.29,3.69
20160701,2330,台積電,"36,577,822","13,186","6,042,239,175",164.5,166,163.5,166,+,3.5,"31,893,180","8,607,417","23,285,763","20,000","149,000","-129,000","-1,686,000",,,"21,470,763","263,000","1,006,000","-743,000","22,000","965,000","-943,000",14.73,3.36,3.61
20160704,2330,台積電,"25,968,655","9,484","4,302,829,364",165.5,166.5,164.5,166, ,0,"21,834,493","9,455,705","12,378,788","103,000","286,000","-183,000","-985,000",,,"11,210,788","6,000","195,000","-189,000","276,000","1,072,000","-796,000",14.73,3.36,3.61
20160705,2330,台積電,"16,422,882","6,930","2,697,844,648",165,165.5,164,164,-,2,"11,148,224","9,044,653","2,103,571","44,000","929,000","-885,000","231,000",,,"1,449,571",0,"152,000","-152,000","541,000","158,000","383,000",14.55,3.32,3.66
20160706,2330,台積電,"35,100,107","12,026","5,661,722,124",163,163,160.5,161.5,-,2.5,"16,246,178","27,589,757","-11,343,579","22,000","711,000","-689,000","1,252,000",,,"-10,780,579","442,000","55,000","387,000","1,322,000","457,000","865,000",14.33,3.27,3.72
20160707,2330,台積電,"24,442,273","9,726","4,009,459,272",163.5,165,163,164.5,+,3,"14,505,000","8,718,208","5,786,792","46,000","215,000","-169,000","-1,663,000",,,"3,954,792","75,000","516,000","-441,000","145,000","1,367,000","-1,222,000",14.6,3.33,3.65
20160711,2330,台積電,"53,434,920","14,951","9,066,254,650",170,170.5,168.5,170,+,5.5,"47,277,438","21,126,360","26,151,078","144,000","463,000","-319,000","-5,609,000",,,"20,223,078","31,000","5,577,000","-5,546,000","748,000","811,000","-63,000",15.08,3.44,3.53
20160712,2330,台積電,"42,128,936","15,021","7,177,356,520",171,171.5,169.5,171,+,1,"34,332,800","18,233,356","16,099,444","275,000","252,000","23,000","-627,000",,,"15,495,444","13,000","649,000","-636,000","408,000","399,000","9,000",15.17,3.46,3.51
20160713,2330,台積電,"51,719,990","17,109","8,708,079,977",169.5,170,167,168.5,-,2.5,"31,722,000","44,799,151","-13,077,151","101,000","820,000","-719,000","1,429,000",,,"-12,367,151","772,000","451,000","321,000","1,271,000","163,000","1,108,000",14.95,3.41,3.56
20160714,2330,台積電,"36,131,819","12,414","6,094,183,541",167,170,167,169,+,0.5,"31,153,055","22,841,188","8,311,867","202,000","615,000","-413,000","-2,820,000",,,"5,078,867","120,000","2,254,000","-2,134,000","380,000","1,066,000","-686,000",15,3.42,3.55
20160715,2330,台積電,"41,822,109","13,283","7,039,081,421",168,169.5,166.5,169.5,+,0.5,"30,446,034","27,588,997","2,857,037","6,522","1,094,000","-1,087,478","587,000",,,"2,356,559","769,000","225,000","544,000","496,000","453,000","43,000",15.04,3.43,3.54
20160718,2330,台積電,"24,774,059","6,898","4,188,965,471",168,170,168,169.5, ,0,"21,340,350","15,219,367","6,120,983","57,000","655,000","-598,000","394,000",,,"5,916,983","426,000","91,000","335,000","399,000","340,000","59,000",15.04,3.43,3.54
20160719,2330,台積電,"43,707,370","12,495","7,424,369,044",170.5,170.5,169,170.5,+,1,"40,614,000","30,694,014","9,919,986","235,000","1,030,026","-795,026","-87,000",,,"9,037,960","252,000","562,000","-310,000","265,000","42,000","223,000",15.13,3.45,3.52
20160720,2330,台積電,"39,076,857","14,235","6,633,505,533",170,170.5,169,170,-,0.5,"36,384,798","23,358,822","13,025,976","240,000","211,778","28,222","-880,000",,,"12,174,198","546,000","1,189,000","-643,000","243,000","480,000","-237,000",15.08,3.44,3.53
20160721,2330,台積電,"35,220,658","12,625","6,034,355,320",171,172,170,172,+,2,"31,531,859","19,791,781","11,740,078","9,000","623,275","-614,275","137,000",,,"11,262,803","533,000","400,000","133,000","168,000","164,000","4,000",15.26,3.48,3.49
20160722,2330,台積電,"29,804,436","9,643","5,106,380,820",172,172,170.5,171,-,1,"26,222,100","20,479,050","5,743,050","400,000","576,000","-176,000","-1,407,000",,,"4,160,050","169,000","604,000","-435,000","103,000","1,075,000","-972,000",15.17,3.46,3.51
20160725,2330,台積電,"27,180,811","9,757","4,645,419,181",172,173,169,171.5,+,0.5,"19,083,712","14,611,139","4,472,573","998,000","125,000","873,000","-124,000",,,"5,221,573","289,000","588,000","-299,000","350,000","175,000","175,000",15.22,3.47,3.5
20160726,2330,台積電,"32,736,383","12,399","5,634,149,876",172,173,171.5,173,+,1.5,"28,454,000","18,930,751","9,523,249","342,000","408,000","-66,000","-19,000",,,"9,438,249",0,0,0,"197,000","216,000","-19,000",15.35,3.5,3.47
20160727,2330,台積電,"36,108,136","10,896","6,318,691,514",175,176,174.5,175,+,2,"30,901,000","13,082,000","17,819,000","4,000","83,000","-79,000","-451,000",,,"17,289,000","25,000","206,000","-181,000","297,000","567,000","-270,000",15.53,3.55,3.43
20160728,2330,台積電,"31,138,296","9,647","5,464,444,857",175,176.5,173,176.5,+,1.5,"28,000,740","17,140,500","10,860,240","295,039","55,000","240,039","-1,166,000",,,"9,934,279","4,000","869,000","-865,000","190,000","491,000","-301,000",15.66,3.58,3.4
20160729,2330,台積電,"30,008,528","8,686","5,229,445,495",177,177,172.5,172.5,-,4,"19,460,572","22,171,100","-2,710,528","59,542","318,000","-258,458","1,368,000",,,"-1,600,986","651,000","119,000","532,000","1,296,000","460,000","836,000",15.31,3.49,3.48
20160801,2330,台積電,"34,703,892","11,713","6,112,481,446",175,177,174.5,177,+,4.5,"31,465,680","17,177,350","14,288,330","272,000","50,000","222,000","-3,047,995",,,"11,462,335","193,000","2,220,000","-2,027,000","62,005","1,083,000","-1,020,995",15.71,3.59,3.39
20160802,2330,台積電,"15,366,106","6,097","2,707,287,048",177.5,177.5,175.5,176,-,1,"12,022,408","11,269,265","753,143",0,"609,000","-609,000","456,995",,,"601,138","81,000","51,000","30,000","549,995","123,000","426,995",15.62,3.57,3.41
20160803,2330,台積電,"21,652,236","8,267","3,745,324,328",172.5,174,172,172.5,-,3.5,"8,386,377","18,406,242","-10,019,865","78,000","240,000","-162,000","1,717,000",,,"-8,464,865","493,000","177,000","316,000","1,418,000","17,000","1,401,000",15.31,3.49,3.48
20160804,2330,台積電,"14,292,159","4,503","2,481,942,916",173,174.5,172.5,174.5,+,2,"11,306,582","9,392,386","1,914,196","136,000","268,686","-132,686","-763,000",,,"1,018,510","20,000","173,000","-153,000","126,000","736,000","-610,000",15.85,3.78,3.44
20160805,2330,台積電,"25,803,777","8,212","4,555,686,581",175,177.5,174,177,+,2.5,"22,046,585","9,004,704","13,041,881",0,"361,000","-361,000","-2,658,002",,,"10,022,879","134,000","1,630,000","-1,496,000","134,998","1,297,000","-1,162,002",16.08,3.84,3.39
20160808,2330,台積電,"16,241,757","5,032","2,882,438,800",178,178,176.5,178,+,1,"12,057,250","9,536,476","2,520,774","195,000","137,000","58,000","-510,000",,,"2,068,774","22,000","229,000","-207,000","123,000","426,000","-303,000",16.17,3.86,3.37
20160809,2330,台積電,"16,443,465","6,767","2,940,137,770",178.5,179.5,177,178.5,+,0.5,"13,851,000","8,604,888","5,246,112","346,000","254,000","92,000","-1,136,433",,,"4,201,679","113,000","605,000","-492,000","45,567","690,000","-644,433",16.21,3.87,3.36
20160810,2330,台積電,"19,307,662","5,979","3,453,612,114",179,179.5,178,179.5,+,1,"16,631,055","14,296,365","2,334,690","110,000","279,000","-169,000","108,000",,,"2,273,690","180,000","142,000","38,000","221,000","151,000","70,000",16.3,3.89,3.34
20160811,2330,台積電,"28,216,223","9,250","4,982,106,809",177.5,178,175.5,176.5,-,3,"15,187,002","23,647,410","-8,460,408","94,000","464,000","-370,000","760,435",,,"-8,069,973","110,000","174,000","-64,000","979,435","155,000","824,435",16.03,3.83,3.4
20160812,2330,台積電,"23,986,752","7,860","4,264,514,880",178.5,178.5,177,177.5,+,1,"22,438,500","16,360,311","6,078,189","19,000","263,000","-244,000","-1,019,000",,,"4,815,189","84,000","434,000","-350,000","68,000","737,000","-669,000",16.12,3.85,3.38
20160815,2330,台積電,"13,660,192","4,907","2,438,220,101",178.5,179,177.5,179,+,1.5,"12,101,571","7,480,199","4,621,372",0,"113,000","-113,000","-330,000",,,"4,178,372","35,000","105,000","-70,000","71,000","331,000","-260,000",16.26,3.88,3.35
20160816,2330,台積電,"34,284,274","10,692","6,042,810,224",178,179,175,175.5,-,3.5,"20,886,324","30,458,203","-9,571,879","46,000","343,000","-297,000","2,026,000",,,"-7,842,879","1,168,000","185,000","983,000","1,107,000","64,000","1,043,000",15.94,3.8,3.42
20160817,2330,台積電,"24,169,622","8,245","4,272,164,742",177,177.5,176,177,+,1.5,"20,856,545","13,935,934","6,920,611",0,"554,000","-554,000","-2,411,000",,,"3,955,611","21,000","1,347,000","-1,326,000","58,000","1,143,000","-1,085,000",16.08,3.84,3.39
20160818,2330,台積電,"27,899,726","9,690","4,897,229,556",176,176.5,175,176,-,1,"18,911,026","16,393,560","2,517,466",0,"385,000","-385,000","738,000",,,"2,870,466","202,000","185,000","17,000","784,000","63,000","721,000",15.99,3.81,3.41
20160819,2330,台積電,"23,496,710","8,233","4,116,962,848",177,177.5,174,174.5,-,1.5,"15,963,111","16,865,063","-901,952",0,"974,000","-974,000","-642,000",,,"-2,517,952","214,000","543,000","-329,000","157,000","470,000","-313,000",15.85,3.78,3.44
20160822,2330,台積電,"21,822,066","7,785","3,765,989,158",173,174,171.5,173,-,1.5,"11,631,800","17,992,214","-6,360,414","6,000","121,000","-115,000","959,000",,,"-5,516,414","346,000","172,000","174,000","873,000","88,000","785,000",15.71,3.75,3.47
20160823,2330,台積電,"21,467,596","6,651","3,742,518,814",174,175,173.5,174,+,1,"18,945,305","15,690,984","3,254,321",0,"419,000","-419,000","-702,000",,,"2,133,321","100,000","82,000","18,000","166,000","886,000","-720,000",15.8,3.77,3.45
20160824,2330,台積電,"12,532,486","4,272","2,182,702,578",175,175.5,173.5,173.5,-,0.5,"9,767,462","9,594,643","172,819","22,000","170,000","-148,000","-303,000",,,"-278,181","245,000","454,000","-209,000","87,000","181,000","-94,000",15.76,3.76,3.46
20160825,2330,台積電,"23,973,648","8,613","4,223,271,748",175,177,174.5,177,+,3.5,"20,326,200","10,970,611","9,355,589","99,000","244,000","-145,000","-285,000",,,"8,925,589","245,000","385,000","-140,000","288,000","433,000","-145,000",16.08,3.84,3.39
20160826,2330,台積電,"15,804,932","4,529","2,788,761,532",175,177,175,177, ,0,"13,625,227","13,178,039","447,188","26,000","455,000","-429,000","908,000",,,"926,188","390,000","23,000","367,000","602,000","61,000","541,000",16.08,3.84,3.39
20160829,2330,台積電,"16,967,254","5,102","2,980,249,547",175,177,174,176.5,-,0.5,"11,932,200","14,124,774","-2,192,574",0,"83,000","-83,000","97,000",,,"-2,178,574","247,000","541,000","-294,000","567,000","176,000","391,000",16.03,3.83,3.4
20160830,2330,台積電,"19,752,234","5,559","3,452,895,298",176,176.5,174,174.5,-,2,"10,924,426","18,307,073","-7,382,647","178,000","421,000","-243,000","1,581,000",,,"-6,044,647","803,000","133,000","670,000","953,000","42,000","911,000",15.85,3.78,3.44
20160831,2330,台積電,"42,461,245","6,850","7,408,331,135",176.5,177,174.5,176,+,1.5,"40,856,462","32,390,659","8,465,803","79,683","125,000","-45,317","-2,932,000",,,"5,488,486","86,000","1,364,000","-1,278,000","140,000","1,794,000","-1,654,000",15.99,3.81,3.41
20160901,2330,台積電,"26,101,335","7,279","4,486,398,290",176,176,173,173.5,-,2.5,"14,319,291","22,894,591","-8,575,300","623,902","155,000","468,902","704,000",,,"-7,402,398","922,000","823,000","99,000","811,000","206,000","605,000",15.76,3.76,3.46
20160902,2330,台積電,"19,489,130","6,315","3,368,711,120",176.5,176.5,174,174.5,+,1,"16,370,730","14,161,640","2,209,090","8,000","70,000","-62,000","-598,000",,,"1,549,090","177,000","260,000","-83,000","107,000","622,000","-515,000",15.85,3.78,3.44
20160905,2330,台積電,"27,982,906","6,513","4,884,204,996",176.5,177.5,176.5,176.5,+,2,"25,908,000","17,930,000","7,978,000","197,000","47,000","150,000","114,000",,,"8,242,000","444,000","237,000","207,000","38,000","131,000","-93,000",16.03,3.83,3.4
20160906,2330,台積電,"29,646,892","9,498","5,218,919,616",177,179,176.5,179,+,2.5,"24,051,362","17,068,034","6,983,328","47,000","20,000","27,000","-717,000",,,"6,293,328","365,000","412,000","-47,000","86,000","756,000","-670,000",16.26,3.88,3.35
20160907,2330,台積電,"50,851,477","19,497","9,311,446,211",180.5,185,180,184,+,5,"32,346,400","25,070,806","7,275,594","635,000","434,000","201,000","57,578",,,"7,534,172","1,042,000","106,000","936,000","137,578","1,016,000","-878,422",16.71,3.99,3.26
20160908,2330,台積電,"30,307,949","10,923","5,555,013,307",182.5,184.5,182.5,183,-,1,"21,571,400","20,575,979","995,421","123,000","244,000","-121,000","521,000",,,"1,395,421","787,000","155,000","632,000","200,000","311,000","-111,000",16.62,3.97,3.28
20160909,2330,台積電,"30,635,512","8,177","5,518,555,160",181,181,179.5,179.5,-,3.5,"16,483,037","26,986,096","-10,503,059","40,000","97,000","-57,000","1,943,422",,,"-8,616,637","1,584,000","124,000","1,460,000","554,000","70,578","483,422",16.3,3.89,3.34
20160910,2330,台積電,"15,470,223","5,804","2,747,098,264",177,179,176,178,-,1.5,"168,000","8,603,800","-8,435,800","50,000","120,000","-70,000","-1,997,274",,,"-10,503,074","504,000","1,235,000","-731,000","234,000","1,500,274","-1,266,274",16.17,3.86,3.37
20160912,2330,台積電,"42,751,708","14,891","7,504,512,206",177.5,177.5,174,175,-,3,"16,791,309","38,867,194","-22,075,885","24,000","331,000","-307,000","2,127,274",,,"-20,255,611","1,290,000","171,000","1,119,000","1,085,000","76,726","1,008,274",15.89,3.79,3.43
20160913,2330,台積電,"38,438,582","11,379","6,736,154,003",176.5,176.5,173.5,175, ,0,"24,167,000","32,967,412","-8,800,412","2,000","69,483","-67,483","876,000",,,"-7,991,895","584,000","331,000","253,000","734,000","111,000","623,000",15.89,3.79,3.43
20160914,2330,台積電,"52,966,216","11,689","9,216,408,104",174,176,173.5,173.5,-,1.5,"31,136,480","50,379,189","-19,242,709","319,000","38,000","281,000","306,000",,,"-18,655,709","533,000","774,000","-241,000","572,000","25,000","547,000",15.76,3.76,3.46
20160919,2330,台積電,"57,296,972","19,155","10,375,685,848",179.5,183,178.5,182.5,+,9,"43,490,039","24,171,843","19,318,196","366,000","75,000","291,000","-2,538,510",,,"17,070,686","232,000","1,924,000","-1,692,000","65,490","912,000","-846,510",16.58,3.96,3.29
20160920,2330,台積電,"23,647,416","8,140","4,319,888,712",182,183.5,181.5,183,+,0.5,"17,623,339","13,471,087","4,152,252","127,000","254,000","-127,000","591,510",,,"4,616,762","1,338,000","174,000","1,164,000","37,510","610,000","-572,490",16.62,3.97,3.28
20160921,2330,台積電,"26,261,794","8,483","4,805,884,782",181,184,180.5,184,+,1,"22,452,572","16,487,633","5,964,939","181,000","23,000","158,000","-1,626,000",,,"4,496,939","138,000","1,190,000","-1,052,000","119,000","693,000","-574,000",16.71,3.99,3.26
20160922,2330,台積電,"21,213,260","8,939","3,921,937,500",185,185.5,183.5,185.5,+,1.5,"17,174,230","8,344,831","8,829,399","701,000","293,000","408,000","-645,000",,,"8,592,399","205,000","534,000","-329,000","88,000","404,000","-316,000",16.85,4.02,3.23
20160923,2330,台積電,"23,141,189","9,042","4,313,995,664",185,187.5,184.5,187.5,+,2,"20,031,389","13,092,453","6,938,936","5,000","84,000","-79,000","-333,000",,,"6,526,936","108,000","473,000","-365,000","296,000","264,000","32,000",17.03,4.06,3.2
20160926,2330,台積電,"25,218,996","7,882","4,635,639,758",183.5,185,183,183,-,4.5,"13,914,593","20,479,924","-6,565,331","62,000","299,000","-237,000","1,276,000",,,"-5,526,331","1,445,000","783,000","662,000","730,000","116,000","614,000",16.62,3.97,3.28
20160929,2330,台積電,"57,778,769","15,213","10,764,097,342",185.5,187.5,185.5,185.5,+,2.5,"53,547,830","38,287,337","15,260,493","87,000","58,000","29,000","-1,045,000",,,"14,244,493","317,000","1,526,000","-1,209,000","245,000","81,000","164,000",16.85,4.02,3.23
20160930,2330,台積電,"45,163,412","11,548","8,309,463,356",185.5,186.5,182.5,182.5,-,3,"30,956,276","34,425,079","-3,468,803","1,002,946","58,000","944,946","580,500",,,"-1,943,357","1,352,000","1,159,000","193,000","563,000","175,500","387,500",16.58,3.96,3.29
20161003,2330,台積電,"18,987,856","6,733","3,525,971,989",186,186.5,184.5,186,+,3.5,"15,869,542","10,372,951","5,496,591","317,000","206,000","111,000","-527,000",,,"5,080,591","388,000","932,000","-544,000","121,000","104,000","17,000",16.89,4.03,3.23
20161004,2330,台積電,"17,139,682","6,392","3,191,090,272",185,187,185,187,+,1,"15,083,354","12,448,545","2,634,809","16,000","215,000","-199,000","312,000",,,"2,747,809","315,000","160,000","155,000","249,000","92,000","157,000",16.98,4.05,3.21
20161005,2330,台積電,"19,144,379","6,115","3,549,073,494",186,186,184.5,186,-,1,"13,491,046","11,909,838","1,581,208",0,"606,000","-606,000","1,054,000",,,"2,029,208","942,000","1,211,000","-269,000","1,360,000","37,000","1,323,000",16.89,4.03,3.23
20161006,2330,台積電,"15,715,729","6,847","2,928,528,801",185,187.5,185,187.5,+,1.5,"12,355,858","10,266,128","2,089,730","191,000","72,000","119,000","-335,000",,,"1,873,730","261,000","591,000","-330,000","115,000","120,000","-5,000",17.03,4.06,3.2
20161007,2330,台積電,"15,870,415","6,887","2,969,715,475",188,188,186,188,+,0.5,"11,069,861","7,490,894","3,578,967","252,000","163,000","89,000","-873,000",,,"2,794,967","204,000","524,000","-320,000","112,000","665,000","-553,000",17.08,4.07,3.19
20161011,2330,台積電,"31,107,793","10,879","5,874,765,484",191,191,186,187.5,-,0.5,"17,690,458","20,489,691","-2,799,233","476,000","312,000","164,000","232,000",,,"-2,403,233","1,564,000","1,354,000","210,000","418,000","396,000","22,000",17.03,4.06,3.2
20161012,2330,台積電,"24,592,212","7,805","4,625,439,668",186.5,190,186,189.5,+,2,"18,930,000","17,146,464","1,783,536","59,000","296,000","-237,000","591,500",,,"2,138,036","429,000","835,000","-406,000","1,086,500","89,000","997,500",17.21,4.11,3.17
20161013,2330,台積電,"40,728,212","13,817","7,675,208,676",190.5,191,187,188.5,-,1,"20,560,070","35,677,402","-15,117,332","139,000","225,000","-86,000","3,345,000",,,"-11,858,332","2,885,000","987,000","1,898,000","1,568,000","121,000","1,447,000",17.12,4.09,3.18
20161014,2330,台積電,"34,340,209","13,583","6,450,978,969",187,189,186.5,188,-,0.5,"10,948,500","20,966,790","-10,018,290","61,000","516,000","-455,000","-1,631,000",,,"-12,104,290","309,000","1,916,000","-1,607,000","547,000","571,000","-24,000",17.08,4.07,3.19
20161017,2330,台積電,"37,878,270","9,908","7,051,992,670",186.5,187.5,185,186.5,-,1.5,"26,162,522","29,964,304","-3,801,782","42,000","64,000","-22,000","395,000",,,"-3,428,782","613,000","1,418,000","-805,000","1,412,000","212,000","1,200,000",16.94,4.04,3.22
20161018,2330,台積電,"40,651,809","8,180","7,582,450,283",186.5,187,185.5,187,+,0.5,"32,774,416","34,732,703","-1,958,287","336,000","110,000","226,000","1,100,000",,,"-632,287","610,000","252,000","358,000","789,000","47,000","742,000",16.98,4.05,3.21
20161019,2330,台積電,"38,143,867","8,834","7,206,475,473",187.5,189.5,187.5,189.5,+,2.5,"33,114,257","24,072,254","9,042,003","165,000","122,000","43,000","-926,000",,,"8,159,003","732,000","421,000","311,000","108,000","1,345,000","-1,237,000",17.21,4.11,3.17
20161020,2330,台積電,"15,736,203","4,787","2,989,556,440",189.5,190.5,189,190.5,+,1,"13,170,000","7,322,295","5,847,705","672,000","354,000","318,000","-934,000",,,"5,231,705","205,000","192,000","13,000","21,000","968,000","-947,000",17.3,4.13,3.15
20161021,2330,台積電,"22,316,844","8,198","4,246,605,266",191,192,188.5,188.5,-,2,"15,000,237","16,121,730","-1,121,493","169,000","264,000","-95,000","1,430,500",,,"214,007","1,410,000","783,000","627,000","1,252,500","449,000","803,500",17.12,4.09,3.18
20161024,2330,台積電,"14,381,349","5,860","2,742,131,352",191,191,189.5,191,+,2.5,"12,006,971","9,301,265","2,705,706","304,000","18,000","286,000","-473,000",,,"2,518,706","36,000","85,000","-49,000","149,000","573,000","-424,000",17.35,4.14,3.14
20161025,2330,台積電,"19,145,940","7,455","3,680,309,682",192,193,191,193,+,2,"16,028,552","10,637,170","5,391,382","123,000","536,000","-413,000","-562,500",,,"4,415,882","276,000","400,000","-124,000","224,500","663,000","-438,500",17.53,4.18,3.11
20161026,2330,台積電,"24,885,036","7,594","4,758,575,792",190.5,192.5,190.5,191.5,-,1.5,"16,771,179","22,713,346","-5,942,167","101,000","110,000","-9,000","1,077,000",,,"-4,874,167","500,000","75,000","425,000","684,000","32,000","652,000",17.39,4.15,3.13
20161027,2330,台積電,"26,883,192","9,385","5,089,143,513",191.5,191.5,188.5,188.5,-,3,"10,161,575","25,184,684","-15,023,109","186,144","112,000","74,144","3,039,000",,,"-11,909,965","1,028,000","25,000","1,003,000","2,093,000","57,000","2,036,000",17.12,4.09,3.18
20161028,2330,台積電,"33,106,885","6,562","6,268,990,744",189.5,190,188.5,189.5,+,1,"27,566,142","28,205,900","-639,758","177,000","57,000","120,000","-950,000",,,"-1,469,758","392,000","942,000","-550,000","377,000","777,000","-400,000",17.21,4.11,3.17
20161031,2330,台積電,"25,830,651","6,560","4,871,340,189",189,190.5,186.5,188.5,-,1,"16,954,800","20,964,975","-4,010,175","39,000","26,300","12,700","-85,000",,,"-4,082,475","585,000","418,000","167,000","1,165,000","1,417,000","-252,000",17.12,4.09,3.18
20161101,2330,台積電,"15,128,851","5,917","2,854,597,839",188.5,189.5,187.5,189.5,+,1,"11,223,423","11,286,517","-63,094",0,"50,524","-50,524","1,108,830",,,"995,212","239,000","50,000","189,000","1,121,830","202,000","919,830",17.21,4.11,3.17
20161102,2330,台積電,"16,529,619","7,380","3,085,447,900",187.5,188,186,186,-,3.5,"4,866,348","13,126,148","-8,259,800","369,000","11,994","357,006","630,000",,,"-7,272,794","471,000","75,000","396,000","318,000","84,000","234,000",16.89,4.03,3.23
20161103,2330,台積電,"25,531,563","7,976","4,724,824,155",185.5,186.5,184.5,184.5,-,1.5,"10,791,504","19,976,720","-9,185,216","37,000","249,000","-212,000","854,170",,,"-8,543,046","725,000","324,000","401,000","552,000","98,830","453,170",16.76,4,3.25
20161104,2330,台積電,"15,107,076","7,260","2,791,857,480",184.5,186,184,184.5, ,0,"7,645,500","12,390,589","-4,745,089","175,500","369,000","-193,500","-156,000",,,"-5,094,589","227,000","366,000","-139,000","155,000","172,000","-17,000",16.76,4,3.25
20161107,2330,台積電,"21,430,225","7,934","4,023,208,624",186.5,189,186,189,+,4.5,"11,770,557","12,253,724","-483,167","235,000","124,000","111,000","-1,583,000",,,"-1,955,167","583,000","129,000","454,000","99,000","2,136,000","-2,037,000",17.17,4.1,3.17
20161108,2330,台積電,"15,954,387","6,225","3,011,077,756",190,190,188,188.5,-,0.5,"9,322,625","10,753,405","-1,430,780","91,000","228,000","-137,000","1,070,000",,,"-497,780","1,008,000","116,000","892,000","394,000","216,000","178,000",17.12,4.09,3.18
20161109,2330,台積電,"55,579,000","22,278","10,245,544,000",190,190.5,182,182,-,6.5,"12,791,271","42,661,493","-29,870,222","263,000","410,000","-147,000","1,041,000",,,"-28,976,222","1,925,000","1,494,000","431,000","1,653,000","1,043,000","610,000",15.38,3.68,3.3
20161110,2330,台積電,"38,869,432","13,292","7,258,713,102",187,188,185.5,185.5,+,3.5,"23,691,240","27,893,442","-4,202,202","299,000","30,000","269,000","2,352,000",,,"-1,581,202","1,586,000","273,000","1,313,000","1,181,000","142,000","1,039,000",15.68,3.75,3.23
20161111,2330,台積電,"67,636,187","19,522","12,291,321,069",181.5,183,181,181.5,-,4,"28,291,759","59,824,694","-31,532,935","602,000","378,000","224,000","-196,000",,,"-31,504,935","818,000","484,000","334,000","181,000","711,000","-530,000",15.34,3.67,3.31
20161114,2330,台積電,"48,032,589","14,717","8,680,850,609",181,182,180,180.5,-,1,"12,802,253","42,513,345","-29,711,092","40,000","203,874","-163,874","2,092,000",,,"-27,782,966","1,402,000","311,000","1,091,000","1,211,000","210,000","1,001,000",15.26,3.65,3.32
20161115,2330,台積電,"33,528,517","11,312","6,055,348,577",179.5,182,179,180,-,0.5,"12,993,701","25,813,534","-12,819,833","282,000","69,133","212,867","-959,000",,,"-13,565,966","724,000","895,000","-171,000","109,000","897,000","-788,000",15.22,3.64,3.33
20161116,2330,台積電,"35,293,770","10,900","6,403,374,640",180.5,183,180,180, ,0,"16,755,249","28,332,493","-11,577,244","526,000","269,000","257,000","1,204,000",,,"-10,116,244","1,959,000","891,000","1,068,000","350,000","214,000","136,000",15.22,3.64,3.33
20161117,2330,台積電,"23,256,023","5,234","4,214,237,980",182,182.5,180.5,181.5,+,1.5,"15,029,331","19,920,000","-4,890,669","100,840","96,000","4,840","-187,000",,,"-5,072,829","320,000","661,000","-341,000","307,000","153,000","154,000",15.34,3.67,3.31
20161118,2330,台積電,"23,731,433","6,949","4,291,503,493",181.5,181.5,180,181,-,0.5,"12,349,000","22,150,528","-9,801,528","55,000","100,000","-45,000","979,000",,,"-8,867,528","729,000","445,000","284,000","721,000","26,000","695,000",15.3,3.66,3.31
20161121,2330,台積電,"15,622,673","6,391","2,824,317,313",180.5,181.5,180,181, ,0,"6,997,437","13,747,433","-6,749,996","63,000","247,000","-184,000","470,000",,,"-6,463,996","406,000","211,000","195,000","312,000","37,000","275,000",15.3,3.66,3.31
20161122,2330,台積電,"31,348,118","10,086","5,758,734,362",182,185,181.5,184,+,3,"22,619,296","17,363,779","5,255,517","85,000","95,000","-10,000","504,000",,,"5,749,517","1,818,000","1,501,000","317,000","429,000","242,000","187,000",15.55,3.72,3.26
20161123,2330,台積電,"23,068,606","9,806","4,278,324,376",184.5,186.5,184,185.5,+,1.5,"18,574,656","14,343,424","4,231,232","85,000","635,000","-550,000","-548,000",,,"3,133,232","250,000","312,000","-62,000","99,000","585,000","-486,000",15.68,3.75,3.23
20161124,2330,台積電,"19,098,768","6,354","3,505,303,784",184,185,183,183,-,2.5,"8,888,851","17,098,707","-8,209,856","93,000","28,000","65,000","1,258,999",,,"-6,885,857","1,157,000","127,000","1,030,000","421,999","193,000","228,999",15.47,3.7,3.28
20161125,2330,台積電,"10,226,870","4,117","1,866,763,623",182.5,183.5,182,182,-,1,"5,327,997","7,873,892","-2,545,895",0,"7,000","-7,000","1,579,000",,,"-973,895","660,000","172,000","488,000","1,098,000","7,000","1,091,000",15.38,3.68,3.3
20161128,2330,台積電,"22,360,419","6,548","4,097,502,666",181.5,184,181.5,184,+,2,"18,708,764","17,363,217","1,345,547","69,000","315,000","-246,000","-674,790",,,"424,757","261,000","1,172,000","-911,000","403,000","166,790","236,210",15.55,3.72,3.26
20161129,2330,台積電,"26,894,638","6,259","4,930,405,401",183.5,185,182,182,-,2,"21,349,605","22,897,409","-1,547,804","30,000","457,000","-427,000","499,178",,,"-1,475,626","1,448,000","1,071,000","377,000","614,000","491,822","122,178",15.38,3.68,3.3
20161130,2330,台積電,"54,053,279","5,767","9,882,147,890",181.5,183,181.5,183,+,1,"49,964,177","51,331,199","-1,367,022","12,000","205,000","-193,000","-332,000",,,"-1,892,022","240,000","616,000","-376,000","182,000","138,000","44,000",15.47,3.7,3.28
20161201,2330,台積電,"13,923,341","6,514","2,540,480,903",182,183,181.5,183, ,0,"9,694,431","12,160,587","-2,466,156","99,222","109,000","-9,778","733,000",,,"-1,742,934","857,000","353,000","504,000","252,000","23,000","229,000",15.47,3.7,3.28
20161202,2330,台積電,"53,946,366","21,618","9,634,395,330",179,179.5,178,178,-,5,"10,624,000","47,846,209","-37,222,209","162,000","643,000","-481,000","324,000",,,"-37,379,209","802,000","193,000","609,000","83,000","368,000","-285,000",15.05,3.6,3.37
20161205,2330,台積電,"32,249,536","10,198","5,771,614,169",178,180,178,179,+,1,"16,161,273","27,905,436","-11,744,163","59,000","69,000","-10,000","-691,000",,,"-12,445,163","38,000","954,000","-916,000","333,000","108,000","225,000",15.13,3.62,3.35
20161206,2330,台積電,"27,728,861","10,430","5,051,414,702",181,183,180.5,182,+,3,"24,382,300","14,245,888","10,136,412","122,000","263,411","-141,411","-589,000",,,"9,406,001","71,000","446,000","-375,000","94,000","308,000","-214,000",15.38,3.68,3.3
20161207,2330,台積電,"14,529,260","5,127","2,645,149,219",183,183.5,181.5,181.5,-,0.5,"8,134,436","12,210,006","-4,075,570","54,000","64,000","-10,000","349,000",,,"-3,736,570","599,000","307,000","292,000","135,000","78,000","57,000",15.34,3.67,3.31
20161208,2330,台積電,"27,276,757","11,258","5,030,766,288",184,185.5,183,185.5,+,4,"22,227,358","10,792,200","11,435,158","61,000","26,000","35,000","-1,973,000",,,"9,497,158","185,000","1,500,000","-1,315,000","4,000","662,000","-658,000",15.68,3.75,3.23
20161209,2330,台積電,"24,890,768","8,116","4,618,750,580",186,186,184.5,186,+,0.5,"22,357,184","14,501,249","7,855,935","156,000",0,"156,000","-941,000",,,"7,070,935","36,000","603,000","-567,000","23,000","397,000","-374,000",15.72,3.76,3.23
20161212,2330,台積電,"18,817,929","6,853","3,494,579,936",186,187,184,185,-,1,"13,138,798","13,349,571","-210,773","18,000","48,000","-30,000","170,000",,,"-70,773","747,000","400,000","347,000","389,000","566,000","-177,000",15.64,3.74,3.24
20161213,2330,台積電,"23,692,594","7,561","4,398,859,330",186.5,186.5,184.5,186,+,1,"22,694,972","19,383,113","3,311,859","48,000","37,000","11,000","-638,000",,,"2,684,859","55,000","255,000","-200,000","15,000","453,000","-438,000",15.72,3.76,3.23
20161214,2330,台積電,"16,768,971","6,485","3,131,823,106",186.5,187.5,185.5,187.5,+,1.5,"15,064,316","8,245,137","6,819,179","110,000","110,000",0,"-1,188,000",,,"5,631,179","120,000","582,000","-462,000","10,000","736,000","-726,000",15.85,3.79,3.2
20161215,2330,台積電,"24,244,941","6,135","4,508,246,366",185,187.5,184.5,187,-,0.5,"20,100,041","18,903,660","1,196,381","5,000","25,000","-20,000","-215,000",,,"961,381","382,000","212,000","170,000","136,000","521,000","-385,000",15.81,3.78,3.21
20161216,2330,台積電,"36,266,938","7,994","6,720,634,530",185.5,187,185,185,-,2,"30,832,526","31,481,725","-649,199",0,"207,799","-207,799","143,000",,,"-713,998","976,000","1,140,000","-164,000","347,000","40,000","307,000",15.64,3.74,3.24
20161219,2330,台積電,"20,553,355","7,956","3,763,429,465",184,184.5,182.5,182.5,-,2.5,"10,974,499","12,599,219","-1,624,720","177,000","24,000","153,000","1,189,000",,,"-282,720","1,370,000","389,000","981,000","263,000","55,000","208,000",15.43,3.69,3.29
20161220,2330,台積電,"24,243,414","10,223","4,394,840,051",181,182.5,180,182.5, ,0,"8,372,357","16,325,823","-7,953,466","12,000","686,000","-674,000","2,256,000",,,"-6,371,466","899,000","205,000","694,000","1,573,000","11,000","1,562,000",15.43,3.69,3.29
20161221,2330,台積電,"32,234,176","11,377","5,828,554,894",181,182,180,180,-,2.5,"14,443,185","30,654,409","-16,211,224","168,000","55,000","113,000","4,330,000",,,"-11,768,224","3,041,000","137,000","2,904,000","1,445,000","19,000","1,426,000",15.22,3.64,3.33
20161222,2330,台積電,"26,509,271","10,768","4,758,580,950",180,180.5,179,179,-,1,"8,084,776","22,064,545","-13,979,769","7,000","146,000","-139,000","1,243,000",,,"-12,875,769","756,000","300,000","456,000","933,000","146,000","787,000",15.13,3.62,3.35
20161223,2330,台積電,"24,376,885","9,298","4,359,360,001",179,180,178.5,178.5,-,0.5,"8,042,156","21,946,633","-13,904,477",0,"26,000","-26,000","508,000",,,"-13,422,477","410,000","294,000","116,000","404,000","12,000","392,000",15.09,3.61,3.36
20161226,2330,台積電,"5,694,358","3,404","1,021,265,940",179,180,179,179.5,+,1,"1,451,300","4,558,000","-3,106,700","200,000","10,000","190,000","366,000",,,"-2,550,700","181,000","60,000","121,000","337,000","92,000","245,000",15.17,3.63,3.34
20161227,2330,台積電,"8,276,087","4,246","1,488,495,160",180,180.5,179.5,180,+,0.5,"3,379,163","5,748,000","-2,368,837","368,000","72,000","296,000","-30,000",,,"-2,102,837","3,000","72,000","-69,000","90,000","51,000","39,000",15.22,3.64,3.33
20161228,2330,台積電,"21,441,126","7,026","3,896,591,783",181,182,180.5,182,+,2,"15,468,487","11,558,005","3,910,482","258,000","268,000","-10,000","270,822",,,"4,171,304","253,000","200,000","53,000","293,822","76,000","217,822",15.38,3.68,3.3
20161229,2330,台積電,"30,211,764","10,947","5,453,513,284",180,181.5,180,180,-,2,"13,839,595","17,833,523","-3,993,928","127,000","298,000","-171,000","530,000",,,"-3,634,928","702,000","526,000","176,000","366,000","12,000","354,000",15.22,3.64,3.33
20161230,2330,台積電,"36,748,382","11,638","6,647,442,778",181,182.5,180,181.5,+,1.5,"21,615,291","14,405,462","7,209,829","70,000","152,000","-82,000","1,229,835",,,"8,357,664","877,000","343,000","534,000","997,000","301,165","695,835",15.34,3.67,3.31
,,,,,,,,,,,,,,,,,,,,,,,,,,,,,,
